date,time ,rname,raddress,num_available
2019-11-04,10:00,A Night In Paris,554 Cambridge Crossing,50
2019-11-04,11:00,A Night In Paris,554 Cambridge Crossing,50
2019-11-04,12:00,A Night In Paris,554 Cambridge Crossing,50
2019-11-04,13:00,A Night In Paris,554 Cambridge Crossing,50
2019-11-04,14:00,A Night In Paris,554 Cambridge Crossing,50
2019-11-04,15:00,A Night In Paris,554 Cambridge Crossing,50
2019-11-04,16:00,A Night In Paris,554 Cambridge Crossing,50
2019-11-04,17:00,A Night In Paris,554 Cambridge Crossing,50
2019-11-04,18:00,A Night In Paris,554 Cambridge Crossing,50
2019-11-04,19:00,A Night In Paris,554 Cambridge Crossing,50
2019-11-05,10:00,A Night In Paris,554 Cambridge Crossing,50
2019-11-05,11:00,A Night In Paris,554 Cambridge Crossing,50
2019-11-05,12:00,A Night In Paris,554 Cambridge Crossing,50
2019-11-05,13:00,A Night In Paris,554 Cambridge Crossing,50
2019-11-05,14:00,A Night In Paris,554 Cambridge Crossing,50
2019-11-05,15:00,A Night In Paris,554 Cambridge Crossing,50
2019-11-05,16:00,A Night In Paris,554 Cambridge Crossing,50
2019-11-05,17:00,A Night In Paris,554 Cambridge Crossing,50
2019-11-05,18:00,A Night In Paris,554 Cambridge Crossing,50
2019-11-05,19:00,A Night In Paris,554 Cambridge Crossing,50
2019-11-06,10:00,A Night In Paris,554 Cambridge Crossing,50
2019-11-06,11:00,A Night In Paris,554 Cambridge Crossing,50
2019-11-06,12:00,A Night In Paris,554 Cambridge Crossing,50
2019-11-06,13:00,A Night In Paris,554 Cambridge Crossing,50
2019-11-06,14:00,A Night In Paris,554 Cambridge Crossing,50
2019-11-06,15:00,A Night In Paris,554 Cambridge Crossing,50
2019-11-06,16:00,A Night In Paris,554 Cambridge Crossing,50
2019-11-06,17:00,A Night In Paris,554 Cambridge Crossing,50
2019-11-06,18:00,A Night In Paris,554 Cambridge Crossing,50
2019-11-06,19:00,A Night In Paris,554 Cambridge Crossing,50
2019-11-07,10:00,A Night In Paris,554 Cambridge Crossing,50
2019-11-07,11:00,A Night In Paris,554 Cambridge Crossing,50
2019-11-07,12:00,A Night In Paris,554 Cambridge Crossing,50
2019-11-07,13:00,A Night In Paris,554 Cambridge Crossing,50
2019-11-07,14:00,A Night In Paris,554 Cambridge Crossing,50
2019-11-07,15:00,A Night In Paris,554 Cambridge Crossing,50
2019-11-07,16:00,A Night In Paris,554 Cambridge Crossing,50
2019-11-07,17:00,A Night In Paris,554 Cambridge Crossing,50
2019-11-07,18:00,A Night In Paris,554 Cambridge Crossing,50
2019-11-07,19:00,A Night In Paris,554 Cambridge Crossing,50
2019-11-08,10:00,A Night In Paris,554 Cambridge Crossing,50
2019-11-08,11:00,A Night In Paris,554 Cambridge Crossing,50
2019-11-08,12:00,A Night In Paris,554 Cambridge Crossing,50
2019-11-08,13:00,A Night In Paris,554 Cambridge Crossing,50
2019-11-08,14:00,A Night In Paris,554 Cambridge Crossing,50
2019-11-08,15:00,A Night In Paris,554 Cambridge Crossing,50
2019-11-08,16:00,A Night In Paris,554 Cambridge Crossing,50
2019-11-08,17:00,A Night In Paris,554 Cambridge Crossing,50
2019-11-08,18:00,A Night In Paris,554 Cambridge Crossing,50
2019-11-08,19:00,A Night In Paris,554 Cambridge Crossing,50
2019-11-09,10:00,A Night In Paris,554 Cambridge Crossing,50
2019-11-09,11:00,A Night In Paris,554 Cambridge Crossing,50
2019-11-09,12:00,A Night In Paris,554 Cambridge Crossing,50
2019-11-09,13:00,A Night In Paris,554 Cambridge Crossing,50
2019-11-09,14:00,A Night In Paris,554 Cambridge Crossing,50
2019-11-09,15:00,A Night In Paris,554 Cambridge Crossing,50
2019-11-09,16:00,A Night In Paris,554 Cambridge Crossing,50
2019-11-09,17:00,A Night In Paris,554 Cambridge Crossing,50
2019-11-09,18:00,A Night In Paris,554 Cambridge Crossing,50
2019-11-09,19:00,A Night In Paris,554 Cambridge Crossing,50
2019-11-10,10:00,A Night In Paris,554 Cambridge Crossing,50
2019-11-10,11:00,A Night In Paris,554 Cambridge Crossing,50
2019-11-10,12:00,A Night In Paris,554 Cambridge Crossing,50
2019-11-10,13:00,A Night In Paris,554 Cambridge Crossing,50
2019-11-10,14:00,A Night In Paris,554 Cambridge Crossing,50
2019-11-10,15:00,A Night In Paris,554 Cambridge Crossing,50
2019-11-10,16:00,A Night In Paris,554 Cambridge Crossing,50
2019-11-10,17:00,A Night In Paris,554 Cambridge Crossing,50
2019-11-10,18:00,A Night In Paris,554 Cambridge Crossing,50
2019-11-10,19:00,A Night In Paris,554 Cambridge Crossing,50
2019-11-11,10:00,A Night In Paris,554 Cambridge Crossing,50
2019-11-11,11:00,A Night In Paris,554 Cambridge Crossing,50
2019-11-11,12:00,A Night In Paris,554 Cambridge Crossing,50
2019-11-11,13:00,A Night In Paris,554 Cambridge Crossing,50
2019-11-11,14:00,A Night In Paris,554 Cambridge Crossing,50
2019-11-11,15:00,A Night In Paris,554 Cambridge Crossing,50
2019-11-11,16:00,A Night In Paris,554 Cambridge Crossing,50
2019-11-11,17:00,A Night In Paris,554 Cambridge Crossing,50
2019-11-11,18:00,A Night In Paris,554 Cambridge Crossing,50
2019-11-11,19:00,A Night In Paris,554 Cambridge Crossing,50
2019-11-12,10:00,A Night In Paris,554 Cambridge Crossing,50
2019-11-12,11:00,A Night In Paris,554 Cambridge Crossing,50
2019-11-12,12:00,A Night In Paris,554 Cambridge Crossing,50
2019-11-12,13:00,A Night In Paris,554 Cambridge Crossing,50
2019-11-12,14:00,A Night In Paris,554 Cambridge Crossing,50
2019-11-12,15:00,A Night In Paris,554 Cambridge Crossing,50
2019-11-12,16:00,A Night In Paris,554 Cambridge Crossing,50
2019-11-12,17:00,A Night In Paris,554 Cambridge Crossing,50
2019-11-12,18:00,A Night In Paris,554 Cambridge Crossing,50
2019-11-12,19:00,A Night In Paris,554 Cambridge Crossing,50
2019-11-13,10:00,A Night In Paris,554 Cambridge Crossing,50
2019-11-13,11:00,A Night In Paris,554 Cambridge Crossing,50
2019-11-13,12:00,A Night In Paris,554 Cambridge Crossing,50
2019-11-13,13:00,A Night In Paris,554 Cambridge Crossing,50
2019-11-13,14:00,A Night In Paris,554 Cambridge Crossing,50
2019-11-13,15:00,A Night In Paris,554 Cambridge Crossing,50
2019-11-13,16:00,A Night In Paris,554 Cambridge Crossing,50
2019-11-13,17:00,A Night In Paris,554 Cambridge Crossing,50
2019-11-13,18:00,A Night In Paris,554 Cambridge Crossing,50
2019-11-13,19:00,A Night In Paris,554 Cambridge Crossing,50
2019-11-14,10:00,A Night In Paris,554 Cambridge Crossing,50
2019-11-14,11:00,A Night In Paris,554 Cambridge Crossing,50
2019-11-14,12:00,A Night In Paris,554 Cambridge Crossing,50
2019-11-14,13:00,A Night In Paris,554 Cambridge Crossing,50
2019-11-14,14:00,A Night In Paris,554 Cambridge Crossing,50
2019-11-14,15:00,A Night In Paris,554 Cambridge Crossing,50
2019-11-14,16:00,A Night In Paris,554 Cambridge Crossing,50
2019-11-14,17:00,A Night In Paris,554 Cambridge Crossing,50
2019-11-14,18:00,A Night In Paris,554 Cambridge Crossing,50
2019-11-14,19:00,A Night In Paris,554 Cambridge Crossing,50
2019-11-15,10:00,A Night In Paris,554 Cambridge Crossing,50
2019-11-15,11:00,A Night In Paris,554 Cambridge Crossing,50
2019-11-15,12:00,A Night In Paris,554 Cambridge Crossing,50
2019-11-15,13:00,A Night In Paris,554 Cambridge Crossing,50
2019-11-15,14:00,A Night In Paris,554 Cambridge Crossing,50
2019-11-15,15:00,A Night In Paris,554 Cambridge Crossing,50
2019-11-15,16:00,A Night In Paris,554 Cambridge Crossing,50
2019-11-15,17:00,A Night In Paris,554 Cambridge Crossing,50
2019-11-15,18:00,A Night In Paris,554 Cambridge Crossing,50
2019-11-15,19:00,A Night In Paris,554 Cambridge Crossing,50
2019-11-16,10:00,A Night In Paris,554 Cambridge Crossing,50
2019-11-16,11:00,A Night In Paris,554 Cambridge Crossing,50
2019-11-16,12:00,A Night In Paris,554 Cambridge Crossing,50
2019-11-16,13:00,A Night In Paris,554 Cambridge Crossing,50
2019-11-16,14:00,A Night In Paris,554 Cambridge Crossing,50
2019-11-16,15:00,A Night In Paris,554 Cambridge Crossing,50
2019-11-16,16:00,A Night In Paris,554 Cambridge Crossing,50
2019-11-16,17:00,A Night In Paris,554 Cambridge Crossing,50
2019-11-16,18:00,A Night In Paris,554 Cambridge Crossing,50
2019-11-16,19:00,A Night In Paris,554 Cambridge Crossing,50
2019-11-17,10:00,A Night In Paris,554 Cambridge Crossing,50
2019-11-17,11:00,A Night In Paris,554 Cambridge Crossing,50
2019-11-17,12:00,A Night In Paris,554 Cambridge Crossing,50
2019-11-17,13:00,A Night In Paris,554 Cambridge Crossing,50
2019-11-17,14:00,A Night In Paris,554 Cambridge Crossing,50
2019-11-17,15:00,A Night In Paris,554 Cambridge Crossing,50
2019-11-17,16:00,A Night In Paris,554 Cambridge Crossing,50
2019-11-17,17:00,A Night In Paris,554 Cambridge Crossing,50
2019-11-17,18:00,A Night In Paris,554 Cambridge Crossing,50
2019-11-17,19:00,A Night In Paris,554 Cambridge Crossing,50
2019-11-18,10:00,A Night In Paris,554 Cambridge Crossing,50
2019-11-18,11:00,A Night In Paris,554 Cambridge Crossing,50
2019-11-18,12:00,A Night In Paris,554 Cambridge Crossing,50
2019-11-18,13:00,A Night In Paris,554 Cambridge Crossing,50
2019-11-18,14:00,A Night In Paris,554 Cambridge Crossing,50
2019-11-18,15:00,A Night In Paris,554 Cambridge Crossing,50
2019-11-18,16:00,A Night In Paris,554 Cambridge Crossing,50
2019-11-18,17:00,A Night In Paris,554 Cambridge Crossing,50
2019-11-18,18:00,A Night In Paris,554 Cambridge Crossing,50
2019-11-18,19:00,A Night In Paris,554 Cambridge Crossing,50
2019-11-19,10:00,A Night In Paris,554 Cambridge Crossing,50
2019-11-19,11:00,A Night In Paris,554 Cambridge Crossing,50
2019-11-19,12:00,A Night In Paris,554 Cambridge Crossing,50
2019-11-19,13:00,A Night In Paris,554 Cambridge Crossing,50
2019-11-19,14:00,A Night In Paris,554 Cambridge Crossing,50
2019-11-19,15:00,A Night In Paris,554 Cambridge Crossing,50
2019-11-19,16:00,A Night In Paris,554 Cambridge Crossing,50
2019-11-19,17:00,A Night In Paris,554 Cambridge Crossing,50
2019-11-19,18:00,A Night In Paris,554 Cambridge Crossing,50
2019-11-19,19:00,A Night In Paris,554 Cambridge Crossing,50
2019-11-20,10:00,A Night In Paris,554 Cambridge Crossing,50
2019-11-20,11:00,A Night In Paris,554 Cambridge Crossing,50
2019-11-20,12:00,A Night In Paris,554 Cambridge Crossing,50
2019-11-20,13:00,A Night In Paris,554 Cambridge Crossing,50
2019-11-20,14:00,A Night In Paris,554 Cambridge Crossing,50
2019-11-20,15:00,A Night In Paris,554 Cambridge Crossing,50
2019-11-20,16:00,A Night In Paris,554 Cambridge Crossing,50
2019-11-20,17:00,A Night In Paris,554 Cambridge Crossing,50
2019-11-20,18:00,A Night In Paris,554 Cambridge Crossing,50
2019-11-20,19:00,A Night In Paris,554 Cambridge Crossing,50
2019-11-21,10:00,A Night In Paris,554 Cambridge Crossing,50
2019-11-21,11:00,A Night In Paris,554 Cambridge Crossing,50
2019-11-21,12:00,A Night In Paris,554 Cambridge Crossing,50
2019-11-21,13:00,A Night In Paris,554 Cambridge Crossing,50
2019-11-21,14:00,A Night In Paris,554 Cambridge Crossing,50
2019-11-21,15:00,A Night In Paris,554 Cambridge Crossing,50
2019-11-21,16:00,A Night In Paris,554 Cambridge Crossing,50
2019-11-21,17:00,A Night In Paris,554 Cambridge Crossing,50
2019-11-21,18:00,A Night In Paris,554 Cambridge Crossing,50
2019-11-21,19:00,A Night In Paris,554 Cambridge Crossing,50
2019-11-22,10:00,A Night In Paris,554 Cambridge Crossing,50
2019-11-22,11:00,A Night In Paris,554 Cambridge Crossing,50
2019-11-22,12:00,A Night In Paris,554 Cambridge Crossing,50
2019-11-22,13:00,A Night In Paris,554 Cambridge Crossing,50
2019-11-22,14:00,A Night In Paris,554 Cambridge Crossing,50
2019-11-22,15:00,A Night In Paris,554 Cambridge Crossing,50
2019-11-22,16:00,A Night In Paris,554 Cambridge Crossing,50
2019-11-22,17:00,A Night In Paris,554 Cambridge Crossing,50
2019-11-22,18:00,A Night In Paris,554 Cambridge Crossing,50
2019-11-22,19:00,A Night In Paris,554 Cambridge Crossing,50
2019-11-23,10:00,A Night In Paris,554 Cambridge Crossing,50
2019-11-23,11:00,A Night In Paris,554 Cambridge Crossing,50
2019-11-23,12:00,A Night In Paris,554 Cambridge Crossing,50
2019-11-23,13:00,A Night In Paris,554 Cambridge Crossing,50
2019-11-23,14:00,A Night In Paris,554 Cambridge Crossing,50
2019-11-23,15:00,A Night In Paris,554 Cambridge Crossing,50
2019-11-23,16:00,A Night In Paris,554 Cambridge Crossing,50
2019-11-23,17:00,A Night In Paris,554 Cambridge Crossing,50
2019-11-23,18:00,A Night In Paris,554 Cambridge Crossing,50
2019-11-23,19:00,A Night In Paris,554 Cambridge Crossing,50
2019-11-24,10:00,A Night In Paris,554 Cambridge Crossing,50
2019-11-24,11:00,A Night In Paris,554 Cambridge Crossing,50
2019-11-24,12:00,A Night In Paris,554 Cambridge Crossing,50
2019-11-24,13:00,A Night In Paris,554 Cambridge Crossing,50
2019-11-24,14:00,A Night In Paris,554 Cambridge Crossing,50
2019-11-24,15:00,A Night In Paris,554 Cambridge Crossing,50
2019-11-24,16:00,A Night In Paris,554 Cambridge Crossing,50
2019-11-24,17:00,A Night In Paris,554 Cambridge Crossing,50
2019-11-24,18:00,A Night In Paris,554 Cambridge Crossing,50
2019-11-24,19:00,A Night In Paris,554 Cambridge Crossing,50
2019-11-25,10:00,A Night In Paris,554 Cambridge Crossing,50
2019-11-25,11:00,A Night In Paris,554 Cambridge Crossing,50
2019-11-25,12:00,A Night In Paris,554 Cambridge Crossing,50
2019-11-25,13:00,A Night In Paris,554 Cambridge Crossing,50
2019-11-25,14:00,A Night In Paris,554 Cambridge Crossing,50
2019-11-25,15:00,A Night In Paris,554 Cambridge Crossing,50
2019-11-25,16:00,A Night In Paris,554 Cambridge Crossing,50
2019-11-25,17:00,A Night In Paris,554 Cambridge Crossing,50
2019-11-25,18:00,A Night In Paris,554 Cambridge Crossing,50
2019-11-25,19:00,A Night In Paris,554 Cambridge Crossing,50
2019-11-26,10:00,A Night In Paris,554 Cambridge Crossing,50
2019-11-26,11:00,A Night In Paris,554 Cambridge Crossing,50
2019-11-26,12:00,A Night In Paris,554 Cambridge Crossing,50
2019-11-26,13:00,A Night In Paris,554 Cambridge Crossing,50
2019-11-26,14:00,A Night In Paris,554 Cambridge Crossing,50
2019-11-26,15:00,A Night In Paris,554 Cambridge Crossing,50
2019-11-26,16:00,A Night In Paris,554 Cambridge Crossing,50
2019-11-26,17:00,A Night In Paris,554 Cambridge Crossing,50
2019-11-26,18:00,A Night In Paris,554 Cambridge Crossing,50
2019-11-26,19:00,A Night In Paris,554 Cambridge Crossing,50
2019-11-27,10:00,A Night In Paris,554 Cambridge Crossing,50
2019-11-27,11:00,A Night In Paris,554 Cambridge Crossing,50
2019-11-27,12:00,A Night In Paris,554 Cambridge Crossing,50
2019-11-27,13:00,A Night In Paris,554 Cambridge Crossing,50
2019-11-27,14:00,A Night In Paris,554 Cambridge Crossing,50
2019-11-27,15:00,A Night In Paris,554 Cambridge Crossing,50
2019-11-27,16:00,A Night In Paris,554 Cambridge Crossing,50
2019-11-27,17:00,A Night In Paris,554 Cambridge Crossing,50
2019-11-27,18:00,A Night In Paris,554 Cambridge Crossing,50
2019-11-27,19:00,A Night In Paris,554 Cambridge Crossing,50
2019-11-28,10:00,A Night In Paris,554 Cambridge Crossing,50
2019-11-28,11:00,A Night In Paris,554 Cambridge Crossing,50
2019-11-28,12:00,A Night In Paris,554 Cambridge Crossing,50
2019-11-28,13:00,A Night In Paris,554 Cambridge Crossing,50
2019-11-28,14:00,A Night In Paris,554 Cambridge Crossing,50
2019-11-28,15:00,A Night In Paris,554 Cambridge Crossing,50
2019-11-28,16:00,A Night In Paris,554 Cambridge Crossing,50
2019-11-28,17:00,A Night In Paris,554 Cambridge Crossing,50
2019-11-28,18:00,A Night In Paris,554 Cambridge Crossing,50
2019-11-28,19:00,A Night In Paris,554 Cambridge Crossing,50
2019-11-29,10:00,A Night In Paris,554 Cambridge Crossing,50
2019-11-29,11:00,A Night In Paris,554 Cambridge Crossing,50
2019-11-29,12:00,A Night In Paris,554 Cambridge Crossing,50
2019-11-29,13:00,A Night In Paris,554 Cambridge Crossing,50
2019-11-29,14:00,A Night In Paris,554 Cambridge Crossing,50
2019-11-29,15:00,A Night In Paris,554 Cambridge Crossing,50
2019-11-29,16:00,A Night In Paris,554 Cambridge Crossing,50
2019-11-29,17:00,A Night In Paris,554 Cambridge Crossing,50
2019-11-29,18:00,A Night In Paris,554 Cambridge Crossing,50
2019-11-29,19:00,A Night In Paris,554 Cambridge Crossing,50
2019-11-30,10:00,A Night In Paris,554 Cambridge Crossing,50
2019-11-30,11:00,A Night In Paris,554 Cambridge Crossing,50
2019-11-30,12:00,A Night In Paris,554 Cambridge Crossing,50
2019-11-30,13:00,A Night In Paris,554 Cambridge Crossing,50
2019-11-30,14:00,A Night In Paris,554 Cambridge Crossing,50
2019-11-30,15:00,A Night In Paris,554 Cambridge Crossing,50
2019-11-30,16:00,A Night In Paris,554 Cambridge Crossing,50
2019-11-30,17:00,A Night In Paris,554 Cambridge Crossing,50
2019-11-30,18:00,A Night In Paris,554 Cambridge Crossing,50
2019-11-30,19:00,A Night In Paris,554 Cambridge Crossing,50
2019-11-04,10:00,Amazing Sauce,77156 Evergreen Point,50
2019-11-04,11:00,Amazing Sauce,77156 Evergreen Point,50
2019-11-04,12:00,Amazing Sauce,77156 Evergreen Point,50
2019-11-04,13:00,Amazing Sauce,77156 Evergreen Point,50
2019-11-04,14:00,Amazing Sauce,77156 Evergreen Point,50
2019-11-04,15:00,Amazing Sauce,77156 Evergreen Point,50
2019-11-04,16:00,Amazing Sauce,77156 Evergreen Point,50
2019-11-04,17:00,Amazing Sauce,77156 Evergreen Point,50
2019-11-04,18:00,Amazing Sauce,77156 Evergreen Point,50
2019-11-04,19:00,Amazing Sauce,77156 Evergreen Point,50
2019-11-05,10:00,Amazing Sauce,77156 Evergreen Point,50
2019-11-05,11:00,Amazing Sauce,77156 Evergreen Point,50
2019-11-05,12:00,Amazing Sauce,77156 Evergreen Point,50
2019-11-05,13:00,Amazing Sauce,77156 Evergreen Point,50
2019-11-05,14:00,Amazing Sauce,77156 Evergreen Point,50
2019-11-05,15:00,Amazing Sauce,77156 Evergreen Point,50
2019-11-05,16:00,Amazing Sauce,77156 Evergreen Point,50
2019-11-05,17:00,Amazing Sauce,77156 Evergreen Point,50
2019-11-05,18:00,Amazing Sauce,77156 Evergreen Point,50
2019-11-05,19:00,Amazing Sauce,77156 Evergreen Point,50
2019-11-06,10:00,Amazing Sauce,77156 Evergreen Point,50
2019-11-06,11:00,Amazing Sauce,77156 Evergreen Point,50
2019-11-06,12:00,Amazing Sauce,77156 Evergreen Point,50
2019-11-06,13:00,Amazing Sauce,77156 Evergreen Point,50
2019-11-06,14:00,Amazing Sauce,77156 Evergreen Point,50
2019-11-06,15:00,Amazing Sauce,77156 Evergreen Point,50
2019-11-06,16:00,Amazing Sauce,77156 Evergreen Point,50
2019-11-06,17:00,Amazing Sauce,77156 Evergreen Point,50
2019-11-06,18:00,Amazing Sauce,77156 Evergreen Point,50
2019-11-06,19:00,Amazing Sauce,77156 Evergreen Point,50
2019-11-07,10:00,Amazing Sauce,77156 Evergreen Point,50
2019-11-07,11:00,Amazing Sauce,77156 Evergreen Point,50
2019-11-07,12:00,Amazing Sauce,77156 Evergreen Point,50
2019-11-07,13:00,Amazing Sauce,77156 Evergreen Point,50
2019-11-07,14:00,Amazing Sauce,77156 Evergreen Point,50
2019-11-07,15:00,Amazing Sauce,77156 Evergreen Point,50
2019-11-07,16:00,Amazing Sauce,77156 Evergreen Point,50
2019-11-07,17:00,Amazing Sauce,77156 Evergreen Point,50
2019-11-07,18:00,Amazing Sauce,77156 Evergreen Point,50
2019-11-07,19:00,Amazing Sauce,77156 Evergreen Point,50
2019-11-08,10:00,Amazing Sauce,77156 Evergreen Point,50
2019-11-08,11:00,Amazing Sauce,77156 Evergreen Point,50
2019-11-08,12:00,Amazing Sauce,77156 Evergreen Point,50
2019-11-08,13:00,Amazing Sauce,77156 Evergreen Point,50
2019-11-08,14:00,Amazing Sauce,77156 Evergreen Point,50
2019-11-08,15:00,Amazing Sauce,77156 Evergreen Point,50
2019-11-08,16:00,Amazing Sauce,77156 Evergreen Point,50
2019-11-08,17:00,Amazing Sauce,77156 Evergreen Point,50
2019-11-08,18:00,Amazing Sauce,77156 Evergreen Point,50
2019-11-08,19:00,Amazing Sauce,77156 Evergreen Point,50
2019-11-09,10:00,Amazing Sauce,77156 Evergreen Point,50
2019-11-09,11:00,Amazing Sauce,77156 Evergreen Point,50
2019-11-09,12:00,Amazing Sauce,77156 Evergreen Point,50
2019-11-09,13:00,Amazing Sauce,77156 Evergreen Point,50
2019-11-09,14:00,Amazing Sauce,77156 Evergreen Point,50
2019-11-09,15:00,Amazing Sauce,77156 Evergreen Point,50
2019-11-09,16:00,Amazing Sauce,77156 Evergreen Point,50
2019-11-09,17:00,Amazing Sauce,77156 Evergreen Point,50
2019-11-09,18:00,Amazing Sauce,77156 Evergreen Point,50
2019-11-09,19:00,Amazing Sauce,77156 Evergreen Point,50
2019-11-10,10:00,Amazing Sauce,77156 Evergreen Point,50
2019-11-10,11:00,Amazing Sauce,77156 Evergreen Point,50
2019-11-10,12:00,Amazing Sauce,77156 Evergreen Point,50
2019-11-10,13:00,Amazing Sauce,77156 Evergreen Point,50
2019-11-10,14:00,Amazing Sauce,77156 Evergreen Point,50
2019-11-10,15:00,Amazing Sauce,77156 Evergreen Point,50
2019-11-10,16:00,Amazing Sauce,77156 Evergreen Point,50
2019-11-10,17:00,Amazing Sauce,77156 Evergreen Point,50
2019-11-10,18:00,Amazing Sauce,77156 Evergreen Point,50
2019-11-10,19:00,Amazing Sauce,77156 Evergreen Point,50
2019-11-11,10:00,Amazing Sauce,77156 Evergreen Point,50
2019-11-11,11:00,Amazing Sauce,77156 Evergreen Point,50
2019-11-11,12:00,Amazing Sauce,77156 Evergreen Point,50
2019-11-11,13:00,Amazing Sauce,77156 Evergreen Point,50
2019-11-11,14:00,Amazing Sauce,77156 Evergreen Point,50
2019-11-11,15:00,Amazing Sauce,77156 Evergreen Point,50
2019-11-11,16:00,Amazing Sauce,77156 Evergreen Point,50
2019-11-11,17:00,Amazing Sauce,77156 Evergreen Point,50
2019-11-11,18:00,Amazing Sauce,77156 Evergreen Point,50
2019-11-11,19:00,Amazing Sauce,77156 Evergreen Point,50
2019-11-12,10:00,Amazing Sauce,77156 Evergreen Point,50
2019-11-12,11:00,Amazing Sauce,77156 Evergreen Point,50
2019-11-12,12:00,Amazing Sauce,77156 Evergreen Point,50
2019-11-12,13:00,Amazing Sauce,77156 Evergreen Point,50
2019-11-12,14:00,Amazing Sauce,77156 Evergreen Point,50
2019-11-12,15:00,Amazing Sauce,77156 Evergreen Point,50
2019-11-12,16:00,Amazing Sauce,77156 Evergreen Point,50
2019-11-12,17:00,Amazing Sauce,77156 Evergreen Point,50
2019-11-12,18:00,Amazing Sauce,77156 Evergreen Point,50
2019-11-12,19:00,Amazing Sauce,77156 Evergreen Point,50
2019-11-13,10:00,Amazing Sauce,77156 Evergreen Point,50
2019-11-13,11:00,Amazing Sauce,77156 Evergreen Point,50
2019-11-13,12:00,Amazing Sauce,77156 Evergreen Point,50
2019-11-13,13:00,Amazing Sauce,77156 Evergreen Point,50
2019-11-13,14:00,Amazing Sauce,77156 Evergreen Point,50
2019-11-13,15:00,Amazing Sauce,77156 Evergreen Point,50
2019-11-13,16:00,Amazing Sauce,77156 Evergreen Point,50
2019-11-13,17:00,Amazing Sauce,77156 Evergreen Point,50
2019-11-13,18:00,Amazing Sauce,77156 Evergreen Point,50
2019-11-13,19:00,Amazing Sauce,77156 Evergreen Point,50
2019-11-14,10:00,Amazing Sauce,77156 Evergreen Point,50
2019-11-14,11:00,Amazing Sauce,77156 Evergreen Point,50
2019-11-14,12:00,Amazing Sauce,77156 Evergreen Point,50
2019-11-14,13:00,Amazing Sauce,77156 Evergreen Point,50
2019-11-14,14:00,Amazing Sauce,77156 Evergreen Point,50
2019-11-14,15:00,Amazing Sauce,77156 Evergreen Point,50
2019-11-14,16:00,Amazing Sauce,77156 Evergreen Point,50
2019-11-14,17:00,Amazing Sauce,77156 Evergreen Point,50
2019-11-14,18:00,Amazing Sauce,77156 Evergreen Point,50
2019-11-14,19:00,Amazing Sauce,77156 Evergreen Point,50
2019-11-15,10:00,Amazing Sauce,77156 Evergreen Point,50
2019-11-15,11:00,Amazing Sauce,77156 Evergreen Point,50
2019-11-15,12:00,Amazing Sauce,77156 Evergreen Point,50
2019-11-15,13:00,Amazing Sauce,77156 Evergreen Point,50
2019-11-15,14:00,Amazing Sauce,77156 Evergreen Point,50
2019-11-15,15:00,Amazing Sauce,77156 Evergreen Point,50
2019-11-15,16:00,Amazing Sauce,77156 Evergreen Point,50
2019-11-15,17:00,Amazing Sauce,77156 Evergreen Point,50
2019-11-15,18:00,Amazing Sauce,77156 Evergreen Point,50
2019-11-15,19:00,Amazing Sauce,77156 Evergreen Point,50
2019-11-16,10:00,Amazing Sauce,77156 Evergreen Point,50
2019-11-16,11:00,Amazing Sauce,77156 Evergreen Point,50
2019-11-16,12:00,Amazing Sauce,77156 Evergreen Point,50
2019-11-16,13:00,Amazing Sauce,77156 Evergreen Point,50
2019-11-16,14:00,Amazing Sauce,77156 Evergreen Point,50
2019-11-16,15:00,Amazing Sauce,77156 Evergreen Point,50
2019-11-16,16:00,Amazing Sauce,77156 Evergreen Point,50
2019-11-16,17:00,Amazing Sauce,77156 Evergreen Point,50
2019-11-16,18:00,Amazing Sauce,77156 Evergreen Point,50
2019-11-16,19:00,Amazing Sauce,77156 Evergreen Point,50
2019-11-17,10:00,Amazing Sauce,77156 Evergreen Point,50
2019-11-17,11:00,Amazing Sauce,77156 Evergreen Point,50
2019-11-17,12:00,Amazing Sauce,77156 Evergreen Point,50
2019-11-17,13:00,Amazing Sauce,77156 Evergreen Point,50
2019-11-17,14:00,Amazing Sauce,77156 Evergreen Point,50
2019-11-17,15:00,Amazing Sauce,77156 Evergreen Point,50
2019-11-17,16:00,Amazing Sauce,77156 Evergreen Point,50
2019-11-17,17:00,Amazing Sauce,77156 Evergreen Point,50
2019-11-17,18:00,Amazing Sauce,77156 Evergreen Point,50
2019-11-17,19:00,Amazing Sauce,77156 Evergreen Point,50
2019-11-18,10:00,Amazing Sauce,77156 Evergreen Point,50
2019-11-18,11:00,Amazing Sauce,77156 Evergreen Point,50
2019-11-18,12:00,Amazing Sauce,77156 Evergreen Point,50
2019-11-18,13:00,Amazing Sauce,77156 Evergreen Point,50
2019-11-18,14:00,Amazing Sauce,77156 Evergreen Point,50
2019-11-18,15:00,Amazing Sauce,77156 Evergreen Point,50
2019-11-18,16:00,Amazing Sauce,77156 Evergreen Point,50
2019-11-18,17:00,Amazing Sauce,77156 Evergreen Point,50
2019-11-18,18:00,Amazing Sauce,77156 Evergreen Point,50
2019-11-18,19:00,Amazing Sauce,77156 Evergreen Point,50
2019-11-19,10:00,Amazing Sauce,77156 Evergreen Point,50
2019-11-19,11:00,Amazing Sauce,77156 Evergreen Point,50
2019-11-19,12:00,Amazing Sauce,77156 Evergreen Point,50
2019-11-19,13:00,Amazing Sauce,77156 Evergreen Point,50
2019-11-19,14:00,Amazing Sauce,77156 Evergreen Point,50
2019-11-19,15:00,Amazing Sauce,77156 Evergreen Point,50
2019-11-19,16:00,Amazing Sauce,77156 Evergreen Point,50
2019-11-19,17:00,Amazing Sauce,77156 Evergreen Point,50
2019-11-19,18:00,Amazing Sauce,77156 Evergreen Point,50
2019-11-19,19:00,Amazing Sauce,77156 Evergreen Point,50
2019-11-20,10:00,Amazing Sauce,77156 Evergreen Point,50
2019-11-20,11:00,Amazing Sauce,77156 Evergreen Point,50
2019-11-20,12:00,Amazing Sauce,77156 Evergreen Point,50
2019-11-20,13:00,Amazing Sauce,77156 Evergreen Point,50
2019-11-20,14:00,Amazing Sauce,77156 Evergreen Point,50
2019-11-20,15:00,Amazing Sauce,77156 Evergreen Point,50
2019-11-20,16:00,Amazing Sauce,77156 Evergreen Point,50
2019-11-20,17:00,Amazing Sauce,77156 Evergreen Point,50
2019-11-20,18:00,Amazing Sauce,77156 Evergreen Point,50
2019-11-20,19:00,Amazing Sauce,77156 Evergreen Point,50
2019-11-21,10:00,Amazing Sauce,77156 Evergreen Point,50
2019-11-21,11:00,Amazing Sauce,77156 Evergreen Point,50
2019-11-21,12:00,Amazing Sauce,77156 Evergreen Point,50
2019-11-21,13:00,Amazing Sauce,77156 Evergreen Point,50
2019-11-21,14:00,Amazing Sauce,77156 Evergreen Point,50
2019-11-21,15:00,Amazing Sauce,77156 Evergreen Point,50
2019-11-21,16:00,Amazing Sauce,77156 Evergreen Point,50
2019-11-21,17:00,Amazing Sauce,77156 Evergreen Point,50
2019-11-21,18:00,Amazing Sauce,77156 Evergreen Point,50
2019-11-21,19:00,Amazing Sauce,77156 Evergreen Point,50
2019-11-22,10:00,Amazing Sauce,77156 Evergreen Point,50
2019-11-22,11:00,Amazing Sauce,77156 Evergreen Point,50
2019-11-22,12:00,Amazing Sauce,77156 Evergreen Point,50
2019-11-22,13:00,Amazing Sauce,77156 Evergreen Point,50
2019-11-22,14:00,Amazing Sauce,77156 Evergreen Point,50
2019-11-22,15:00,Amazing Sauce,77156 Evergreen Point,50
2019-11-22,16:00,Amazing Sauce,77156 Evergreen Point,50
2019-11-22,17:00,Amazing Sauce,77156 Evergreen Point,50
2019-11-22,18:00,Amazing Sauce,77156 Evergreen Point,50
2019-11-22,19:00,Amazing Sauce,77156 Evergreen Point,50
2019-11-23,10:00,Amazing Sauce,77156 Evergreen Point,50
2019-11-23,11:00,Amazing Sauce,77156 Evergreen Point,50
2019-11-23,12:00,Amazing Sauce,77156 Evergreen Point,50
2019-11-23,13:00,Amazing Sauce,77156 Evergreen Point,50
2019-11-23,14:00,Amazing Sauce,77156 Evergreen Point,50
2019-11-23,15:00,Amazing Sauce,77156 Evergreen Point,50
2019-11-23,16:00,Amazing Sauce,77156 Evergreen Point,50
2019-11-23,17:00,Amazing Sauce,77156 Evergreen Point,50
2019-11-23,18:00,Amazing Sauce,77156 Evergreen Point,50
2019-11-23,19:00,Amazing Sauce,77156 Evergreen Point,50
2019-11-24,10:00,Amazing Sauce,77156 Evergreen Point,50
2019-11-24,11:00,Amazing Sauce,77156 Evergreen Point,50
2019-11-24,12:00,Amazing Sauce,77156 Evergreen Point,50
2019-11-24,13:00,Amazing Sauce,77156 Evergreen Point,50
2019-11-24,14:00,Amazing Sauce,77156 Evergreen Point,50
2019-11-24,15:00,Amazing Sauce,77156 Evergreen Point,50
2019-11-24,16:00,Amazing Sauce,77156 Evergreen Point,50
2019-11-24,17:00,Amazing Sauce,77156 Evergreen Point,50
2019-11-24,18:00,Amazing Sauce,77156 Evergreen Point,50
2019-11-24,19:00,Amazing Sauce,77156 Evergreen Point,50
2019-11-25,10:00,Amazing Sauce,77156 Evergreen Point,50
2019-11-25,11:00,Amazing Sauce,77156 Evergreen Point,50
2019-11-25,12:00,Amazing Sauce,77156 Evergreen Point,50
2019-11-25,13:00,Amazing Sauce,77156 Evergreen Point,50
2019-11-25,14:00,Amazing Sauce,77156 Evergreen Point,50
2019-11-25,15:00,Amazing Sauce,77156 Evergreen Point,50
2019-11-25,16:00,Amazing Sauce,77156 Evergreen Point,50
2019-11-25,17:00,Amazing Sauce,77156 Evergreen Point,50
2019-11-25,18:00,Amazing Sauce,77156 Evergreen Point,50
2019-11-25,19:00,Amazing Sauce,77156 Evergreen Point,50
2019-11-26,10:00,Amazing Sauce,77156 Evergreen Point,50
2019-11-26,11:00,Amazing Sauce,77156 Evergreen Point,50
2019-11-26,12:00,Amazing Sauce,77156 Evergreen Point,50
2019-11-26,13:00,Amazing Sauce,77156 Evergreen Point,50
2019-11-26,14:00,Amazing Sauce,77156 Evergreen Point,50
2019-11-26,15:00,Amazing Sauce,77156 Evergreen Point,50
2019-11-26,16:00,Amazing Sauce,77156 Evergreen Point,50
2019-11-26,17:00,Amazing Sauce,77156 Evergreen Point,50
2019-11-26,18:00,Amazing Sauce,77156 Evergreen Point,50
2019-11-26,19:00,Amazing Sauce,77156 Evergreen Point,50
2019-11-27,10:00,Amazing Sauce,77156 Evergreen Point,50
2019-11-27,11:00,Amazing Sauce,77156 Evergreen Point,50
2019-11-27,12:00,Amazing Sauce,77156 Evergreen Point,50
2019-11-27,13:00,Amazing Sauce,77156 Evergreen Point,50
2019-11-27,14:00,Amazing Sauce,77156 Evergreen Point,50
2019-11-27,15:00,Amazing Sauce,77156 Evergreen Point,50
2019-11-27,16:00,Amazing Sauce,77156 Evergreen Point,50
2019-11-27,17:00,Amazing Sauce,77156 Evergreen Point,50
2019-11-27,18:00,Amazing Sauce,77156 Evergreen Point,50
2019-11-27,19:00,Amazing Sauce,77156 Evergreen Point,50
2019-11-28,10:00,Amazing Sauce,77156 Evergreen Point,50
2019-11-28,11:00,Amazing Sauce,77156 Evergreen Point,50
2019-11-28,12:00,Amazing Sauce,77156 Evergreen Point,50
2019-11-28,13:00,Amazing Sauce,77156 Evergreen Point,50
2019-11-28,14:00,Amazing Sauce,77156 Evergreen Point,50
2019-11-28,15:00,Amazing Sauce,77156 Evergreen Point,50
2019-11-28,16:00,Amazing Sauce,77156 Evergreen Point,50
2019-11-28,17:00,Amazing Sauce,77156 Evergreen Point,50
2019-11-28,18:00,Amazing Sauce,77156 Evergreen Point,50
2019-11-28,19:00,Amazing Sauce,77156 Evergreen Point,50
2019-11-29,10:00,Amazing Sauce,77156 Evergreen Point,50
2019-11-29,11:00,Amazing Sauce,77156 Evergreen Point,50
2019-11-29,12:00,Amazing Sauce,77156 Evergreen Point,50
2019-11-29,13:00,Amazing Sauce,77156 Evergreen Point,50
2019-11-29,14:00,Amazing Sauce,77156 Evergreen Point,50
2019-11-29,15:00,Amazing Sauce,77156 Evergreen Point,50
2019-11-29,16:00,Amazing Sauce,77156 Evergreen Point,50
2019-11-29,17:00,Amazing Sauce,77156 Evergreen Point,50
2019-11-29,18:00,Amazing Sauce,77156 Evergreen Point,50
2019-11-29,19:00,Amazing Sauce,77156 Evergreen Point,50
2019-11-30,10:00,Amazing Sauce,77156 Evergreen Point,50
2019-11-30,11:00,Amazing Sauce,77156 Evergreen Point,50
2019-11-30,12:00,Amazing Sauce,77156 Evergreen Point,50
2019-11-30,13:00,Amazing Sauce,77156 Evergreen Point,50
2019-11-30,14:00,Amazing Sauce,77156 Evergreen Point,50
2019-11-30,15:00,Amazing Sauce,77156 Evergreen Point,50
2019-11-30,16:00,Amazing Sauce,77156 Evergreen Point,50
2019-11-30,17:00,Amazing Sauce,77156 Evergreen Point,50
2019-11-30,18:00,Amazing Sauce,77156 Evergreen Point,50
2019-11-30,19:00,Amazing Sauce,77156 Evergreen Point,50
2019-11-04,10:00,Easy Eats,0 Darwin Circle,50
2019-11-04,11:00,Easy Eats,0 Darwin Circle,50
2019-11-04,12:00,Easy Eats,0 Darwin Circle,50
2019-11-04,13:00,Easy Eats,0 Darwin Circle,50
2019-11-04,14:00,Easy Eats,0 Darwin Circle,50
2019-11-04,15:00,Easy Eats,0 Darwin Circle,50
2019-11-04,16:00,Easy Eats,0 Darwin Circle,50
2019-11-04,17:00,Easy Eats,0 Darwin Circle,50
2019-11-04,18:00,Easy Eats,0 Darwin Circle,50
2019-11-04,19:00,Easy Eats,0 Darwin Circle,50
2019-11-05,10:00,Easy Eats,0 Darwin Circle,50
2019-11-05,11:00,Easy Eats,0 Darwin Circle,50
2019-11-05,12:00,Easy Eats,0 Darwin Circle,50
2019-11-05,13:00,Easy Eats,0 Darwin Circle,50
2019-11-05,14:00,Easy Eats,0 Darwin Circle,50
2019-11-05,15:00,Easy Eats,0 Darwin Circle,50
2019-11-05,16:00,Easy Eats,0 Darwin Circle,50
2019-11-05,17:00,Easy Eats,0 Darwin Circle,50
2019-11-05,18:00,Easy Eats,0 Darwin Circle,50
2019-11-05,19:00,Easy Eats,0 Darwin Circle,50
2019-11-06,10:00,Easy Eats,0 Darwin Circle,50
2019-11-06,11:00,Easy Eats,0 Darwin Circle,50
2019-11-06,12:00,Easy Eats,0 Darwin Circle,50
2019-11-06,13:00,Easy Eats,0 Darwin Circle,50
2019-11-06,14:00,Easy Eats,0 Darwin Circle,50
2019-11-06,15:00,Easy Eats,0 Darwin Circle,50
2019-11-06,16:00,Easy Eats,0 Darwin Circle,50
2019-11-06,17:00,Easy Eats,0 Darwin Circle,50
2019-11-06,18:00,Easy Eats,0 Darwin Circle,50
2019-11-06,19:00,Easy Eats,0 Darwin Circle,50
2019-11-07,10:00,Easy Eats,0 Darwin Circle,50
2019-11-07,11:00,Easy Eats,0 Darwin Circle,50
2019-11-07,12:00,Easy Eats,0 Darwin Circle,50
2019-11-07,13:00,Easy Eats,0 Darwin Circle,50
2019-11-07,14:00,Easy Eats,0 Darwin Circle,50
2019-11-07,15:00,Easy Eats,0 Darwin Circle,50
2019-11-07,16:00,Easy Eats,0 Darwin Circle,50
2019-11-07,17:00,Easy Eats,0 Darwin Circle,50
2019-11-07,18:00,Easy Eats,0 Darwin Circle,50
2019-11-07,19:00,Easy Eats,0 Darwin Circle,50
2019-11-08,10:00,Easy Eats,0 Darwin Circle,50
2019-11-08,11:00,Easy Eats,0 Darwin Circle,50
2019-11-08,12:00,Easy Eats,0 Darwin Circle,50
2019-11-08,13:00,Easy Eats,0 Darwin Circle,50
2019-11-08,14:00,Easy Eats,0 Darwin Circle,50
2019-11-08,15:00,Easy Eats,0 Darwin Circle,50
2019-11-08,16:00,Easy Eats,0 Darwin Circle,50
2019-11-08,17:00,Easy Eats,0 Darwin Circle,50
2019-11-08,18:00,Easy Eats,0 Darwin Circle,50
2019-11-08,19:00,Easy Eats,0 Darwin Circle,50
2019-11-09,10:00,Easy Eats,0 Darwin Circle,50
2019-11-09,11:00,Easy Eats,0 Darwin Circle,50
2019-11-09,12:00,Easy Eats,0 Darwin Circle,50
2019-11-09,13:00,Easy Eats,0 Darwin Circle,50
2019-11-09,14:00,Easy Eats,0 Darwin Circle,50
2019-11-09,15:00,Easy Eats,0 Darwin Circle,50
2019-11-09,16:00,Easy Eats,0 Darwin Circle,50
2019-11-09,17:00,Easy Eats,0 Darwin Circle,50
2019-11-09,18:00,Easy Eats,0 Darwin Circle,50
2019-11-09,19:00,Easy Eats,0 Darwin Circle,50
2019-11-10,10:00,Easy Eats,0 Darwin Circle,50
2019-11-10,11:00,Easy Eats,0 Darwin Circle,50
2019-11-10,12:00,Easy Eats,0 Darwin Circle,50
2019-11-10,13:00,Easy Eats,0 Darwin Circle,50
2019-11-10,14:00,Easy Eats,0 Darwin Circle,50
2019-11-10,15:00,Easy Eats,0 Darwin Circle,50
2019-11-10,16:00,Easy Eats,0 Darwin Circle,50
2019-11-10,17:00,Easy Eats,0 Darwin Circle,50
2019-11-10,18:00,Easy Eats,0 Darwin Circle,50
2019-11-10,19:00,Easy Eats,0 Darwin Circle,50
2019-11-11,10:00,Easy Eats,0 Darwin Circle,50
2019-11-11,11:00,Easy Eats,0 Darwin Circle,50
2019-11-11,12:00,Easy Eats,0 Darwin Circle,50
2019-11-11,13:00,Easy Eats,0 Darwin Circle,50
2019-11-11,14:00,Easy Eats,0 Darwin Circle,50
2019-11-11,15:00,Easy Eats,0 Darwin Circle,50
2019-11-11,16:00,Easy Eats,0 Darwin Circle,50
2019-11-11,17:00,Easy Eats,0 Darwin Circle,50
2019-11-11,18:00,Easy Eats,0 Darwin Circle,50
2019-11-11,19:00,Easy Eats,0 Darwin Circle,50
2019-11-12,10:00,Easy Eats,0 Darwin Circle,50
2019-11-12,11:00,Easy Eats,0 Darwin Circle,50
2019-11-12,12:00,Easy Eats,0 Darwin Circle,50
2019-11-12,13:00,Easy Eats,0 Darwin Circle,50
2019-11-12,14:00,Easy Eats,0 Darwin Circle,50
2019-11-12,15:00,Easy Eats,0 Darwin Circle,50
2019-11-12,16:00,Easy Eats,0 Darwin Circle,50
2019-11-12,17:00,Easy Eats,0 Darwin Circle,50
2019-11-12,18:00,Easy Eats,0 Darwin Circle,50
2019-11-12,19:00,Easy Eats,0 Darwin Circle,50
2019-11-13,10:00,Easy Eats,0 Darwin Circle,50
2019-11-13,11:00,Easy Eats,0 Darwin Circle,50
2019-11-13,12:00,Easy Eats,0 Darwin Circle,50
2019-11-13,13:00,Easy Eats,0 Darwin Circle,50
2019-11-13,14:00,Easy Eats,0 Darwin Circle,50
2019-11-13,15:00,Easy Eats,0 Darwin Circle,50
2019-11-13,16:00,Easy Eats,0 Darwin Circle,50
2019-11-13,17:00,Easy Eats,0 Darwin Circle,50
2019-11-13,18:00,Easy Eats,0 Darwin Circle,50
2019-11-13,19:00,Easy Eats,0 Darwin Circle,50
2019-11-14,10:00,Easy Eats,0 Darwin Circle,50
2019-11-14,11:00,Easy Eats,0 Darwin Circle,50
2019-11-14,12:00,Easy Eats,0 Darwin Circle,50
2019-11-14,13:00,Easy Eats,0 Darwin Circle,50
2019-11-14,14:00,Easy Eats,0 Darwin Circle,50
2019-11-14,15:00,Easy Eats,0 Darwin Circle,50
2019-11-14,16:00,Easy Eats,0 Darwin Circle,50
2019-11-14,17:00,Easy Eats,0 Darwin Circle,50
2019-11-14,18:00,Easy Eats,0 Darwin Circle,50
2019-11-14,19:00,Easy Eats,0 Darwin Circle,50
2019-11-15,10:00,Easy Eats,0 Darwin Circle,50
2019-11-15,11:00,Easy Eats,0 Darwin Circle,50
2019-11-15,12:00,Easy Eats,0 Darwin Circle,50
2019-11-15,13:00,Easy Eats,0 Darwin Circle,50
2019-11-15,14:00,Easy Eats,0 Darwin Circle,50
2019-11-15,15:00,Easy Eats,0 Darwin Circle,50
2019-11-15,16:00,Easy Eats,0 Darwin Circle,50
2019-11-15,17:00,Easy Eats,0 Darwin Circle,50
2019-11-15,18:00,Easy Eats,0 Darwin Circle,50
2019-11-15,19:00,Easy Eats,0 Darwin Circle,50
2019-11-16,10:00,Easy Eats,0 Darwin Circle,50
2019-11-16,11:00,Easy Eats,0 Darwin Circle,50
2019-11-16,12:00,Easy Eats,0 Darwin Circle,50
2019-11-16,13:00,Easy Eats,0 Darwin Circle,50
2019-11-16,14:00,Easy Eats,0 Darwin Circle,50
2019-11-16,15:00,Easy Eats,0 Darwin Circle,50
2019-11-16,16:00,Easy Eats,0 Darwin Circle,50
2019-11-16,17:00,Easy Eats,0 Darwin Circle,50
2019-11-16,18:00,Easy Eats,0 Darwin Circle,50
2019-11-16,19:00,Easy Eats,0 Darwin Circle,50
2019-11-17,10:00,Easy Eats,0 Darwin Circle,50
2019-11-17,11:00,Easy Eats,0 Darwin Circle,50
2019-11-17,12:00,Easy Eats,0 Darwin Circle,50
2019-11-17,13:00,Easy Eats,0 Darwin Circle,50
2019-11-17,14:00,Easy Eats,0 Darwin Circle,50
2019-11-17,15:00,Easy Eats,0 Darwin Circle,50
2019-11-17,16:00,Easy Eats,0 Darwin Circle,50
2019-11-17,17:00,Easy Eats,0 Darwin Circle,50
2019-11-17,18:00,Easy Eats,0 Darwin Circle,50
2019-11-17,19:00,Easy Eats,0 Darwin Circle,50
2019-11-18,10:00,Easy Eats,0 Darwin Circle,50
2019-11-18,11:00,Easy Eats,0 Darwin Circle,50
2019-11-18,12:00,Easy Eats,0 Darwin Circle,50
2019-11-18,13:00,Easy Eats,0 Darwin Circle,50
2019-11-18,14:00,Easy Eats,0 Darwin Circle,50
2019-11-18,15:00,Easy Eats,0 Darwin Circle,50
2019-11-18,16:00,Easy Eats,0 Darwin Circle,50
2019-11-18,17:00,Easy Eats,0 Darwin Circle,50
2019-11-18,18:00,Easy Eats,0 Darwin Circle,50
2019-11-18,19:00,Easy Eats,0 Darwin Circle,50
2019-11-19,10:00,Easy Eats,0 Darwin Circle,50
2019-11-19,11:00,Easy Eats,0 Darwin Circle,50
2019-11-19,12:00,Easy Eats,0 Darwin Circle,50
2019-11-19,13:00,Easy Eats,0 Darwin Circle,50
2019-11-19,14:00,Easy Eats,0 Darwin Circle,50
2019-11-19,15:00,Easy Eats,0 Darwin Circle,50
2019-11-19,16:00,Easy Eats,0 Darwin Circle,50
2019-11-19,17:00,Easy Eats,0 Darwin Circle,50
2019-11-19,18:00,Easy Eats,0 Darwin Circle,50
2019-11-19,19:00,Easy Eats,0 Darwin Circle,50
2019-11-20,10:00,Easy Eats,0 Darwin Circle,50
2019-11-20,11:00,Easy Eats,0 Darwin Circle,50
2019-11-20,12:00,Easy Eats,0 Darwin Circle,50
2019-11-20,13:00,Easy Eats,0 Darwin Circle,50
2019-11-20,14:00,Easy Eats,0 Darwin Circle,50
2019-11-20,15:00,Easy Eats,0 Darwin Circle,50
2019-11-20,16:00,Easy Eats,0 Darwin Circle,50
2019-11-20,17:00,Easy Eats,0 Darwin Circle,50
2019-11-20,18:00,Easy Eats,0 Darwin Circle,50
2019-11-20,19:00,Easy Eats,0 Darwin Circle,50
2019-11-21,10:00,Easy Eats,0 Darwin Circle,50
2019-11-21,11:00,Easy Eats,0 Darwin Circle,50
2019-11-21,12:00,Easy Eats,0 Darwin Circle,50
2019-11-21,13:00,Easy Eats,0 Darwin Circle,50
2019-11-21,14:00,Easy Eats,0 Darwin Circle,50
2019-11-21,15:00,Easy Eats,0 Darwin Circle,50
2019-11-21,16:00,Easy Eats,0 Darwin Circle,50
2019-11-21,17:00,Easy Eats,0 Darwin Circle,50
2019-11-21,18:00,Easy Eats,0 Darwin Circle,50
2019-11-21,19:00,Easy Eats,0 Darwin Circle,50
2019-11-22,10:00,Easy Eats,0 Darwin Circle,50
2019-11-22,11:00,Easy Eats,0 Darwin Circle,50
2019-11-22,12:00,Easy Eats,0 Darwin Circle,50
2019-11-22,13:00,Easy Eats,0 Darwin Circle,50
2019-11-22,14:00,Easy Eats,0 Darwin Circle,50
2019-11-22,15:00,Easy Eats,0 Darwin Circle,50
2019-11-22,16:00,Easy Eats,0 Darwin Circle,50
2019-11-22,17:00,Easy Eats,0 Darwin Circle,50
2019-11-22,18:00,Easy Eats,0 Darwin Circle,50
2019-11-22,19:00,Easy Eats,0 Darwin Circle,50
2019-11-23,10:00,Easy Eats,0 Darwin Circle,50
2019-11-23,11:00,Easy Eats,0 Darwin Circle,50
2019-11-23,12:00,Easy Eats,0 Darwin Circle,50
2019-11-23,13:00,Easy Eats,0 Darwin Circle,50
2019-11-23,14:00,Easy Eats,0 Darwin Circle,50
2019-11-23,15:00,Easy Eats,0 Darwin Circle,50
2019-11-23,16:00,Easy Eats,0 Darwin Circle,50
2019-11-23,17:00,Easy Eats,0 Darwin Circle,50
2019-11-23,18:00,Easy Eats,0 Darwin Circle,50
2019-11-23,19:00,Easy Eats,0 Darwin Circle,50
2019-11-24,10:00,Easy Eats,0 Darwin Circle,50
2019-11-24,11:00,Easy Eats,0 Darwin Circle,50
2019-11-24,12:00,Easy Eats,0 Darwin Circle,50
2019-11-24,13:00,Easy Eats,0 Darwin Circle,50
2019-11-24,14:00,Easy Eats,0 Darwin Circle,50
2019-11-24,15:00,Easy Eats,0 Darwin Circle,50
2019-11-24,16:00,Easy Eats,0 Darwin Circle,50
2019-11-24,17:00,Easy Eats,0 Darwin Circle,50
2019-11-24,18:00,Easy Eats,0 Darwin Circle,50
2019-11-24,19:00,Easy Eats,0 Darwin Circle,50
2019-11-25,10:00,Easy Eats,0 Darwin Circle,50
2019-11-25,11:00,Easy Eats,0 Darwin Circle,50
2019-11-25,12:00,Easy Eats,0 Darwin Circle,50
2019-11-25,13:00,Easy Eats,0 Darwin Circle,50
2019-11-25,14:00,Easy Eats,0 Darwin Circle,50
2019-11-25,15:00,Easy Eats,0 Darwin Circle,50
2019-11-25,16:00,Easy Eats,0 Darwin Circle,50
2019-11-25,17:00,Easy Eats,0 Darwin Circle,50
2019-11-25,18:00,Easy Eats,0 Darwin Circle,50
2019-11-25,19:00,Easy Eats,0 Darwin Circle,50
2019-11-26,10:00,Easy Eats,0 Darwin Circle,50
2019-11-26,11:00,Easy Eats,0 Darwin Circle,50
2019-11-26,12:00,Easy Eats,0 Darwin Circle,50
2019-11-26,13:00,Easy Eats,0 Darwin Circle,50
2019-11-26,14:00,Easy Eats,0 Darwin Circle,50
2019-11-26,15:00,Easy Eats,0 Darwin Circle,50
2019-11-26,16:00,Easy Eats,0 Darwin Circle,50
2019-11-26,17:00,Easy Eats,0 Darwin Circle,50
2019-11-26,18:00,Easy Eats,0 Darwin Circle,50
2019-11-26,19:00,Easy Eats,0 Darwin Circle,50
2019-11-27,10:00,Easy Eats,0 Darwin Circle,50
2019-11-27,11:00,Easy Eats,0 Darwin Circle,50
2019-11-27,12:00,Easy Eats,0 Darwin Circle,50
2019-11-27,13:00,Easy Eats,0 Darwin Circle,50
2019-11-27,14:00,Easy Eats,0 Darwin Circle,50
2019-11-27,15:00,Easy Eats,0 Darwin Circle,50
2019-11-27,16:00,Easy Eats,0 Darwin Circle,50
2019-11-27,17:00,Easy Eats,0 Darwin Circle,50
2019-11-27,18:00,Easy Eats,0 Darwin Circle,50
2019-11-27,19:00,Easy Eats,0 Darwin Circle,50
2019-11-28,10:00,Easy Eats,0 Darwin Circle,50
2019-11-28,11:00,Easy Eats,0 Darwin Circle,50
2019-11-28,12:00,Easy Eats,0 Darwin Circle,50
2019-11-28,13:00,Easy Eats,0 Darwin Circle,50
2019-11-28,14:00,Easy Eats,0 Darwin Circle,50
2019-11-28,15:00,Easy Eats,0 Darwin Circle,50
2019-11-28,16:00,Easy Eats,0 Darwin Circle,50
2019-11-28,17:00,Easy Eats,0 Darwin Circle,50
2019-11-28,18:00,Easy Eats,0 Darwin Circle,50
2019-11-28,19:00,Easy Eats,0 Darwin Circle,50
2019-11-29,10:00,Easy Eats,0 Darwin Circle,50
2019-11-29,11:00,Easy Eats,0 Darwin Circle,50
2019-11-29,12:00,Easy Eats,0 Darwin Circle,50
2019-11-29,13:00,Easy Eats,0 Darwin Circle,50
2019-11-29,14:00,Easy Eats,0 Darwin Circle,50
2019-11-29,15:00,Easy Eats,0 Darwin Circle,50
2019-11-29,16:00,Easy Eats,0 Darwin Circle,50
2019-11-29,17:00,Easy Eats,0 Darwin Circle,50
2019-11-29,18:00,Easy Eats,0 Darwin Circle,50
2019-11-29,19:00,Easy Eats,0 Darwin Circle,50
2019-11-30,10:00,Easy Eats,0 Darwin Circle,50
2019-11-30,11:00,Easy Eats,0 Darwin Circle,50
2019-11-30,12:00,Easy Eats,0 Darwin Circle,50
2019-11-30,13:00,Easy Eats,0 Darwin Circle,50
2019-11-30,14:00,Easy Eats,0 Darwin Circle,50
2019-11-30,15:00,Easy Eats,0 Darwin Circle,50
2019-11-30,16:00,Easy Eats,0 Darwin Circle,50
2019-11-30,17:00,Easy Eats,0 Darwin Circle,50
2019-11-30,18:00,Easy Eats,0 Darwin Circle,50
2019-11-30,19:00,Easy Eats,0 Darwin Circle,50
