title,organisation,code,duname,redeemed
30% Off Storewide,Etude House,TrNNSahr,,
30% Off Storewide,Etude House,4avsU72t,,
30% Off Storewide,Etude House,rHph6mRp,,
30% Off Storewide,Etude House,cy5PevNw,,
30% Off Storewide,Etude House,fZDKsg8g,,
30% Off Storewide,Etude House,LMoWN7vw,,
30% Off Storewide,Etude House,6JYq9jJb,,
30% Off Storewide,Etude House,X3gv2SBX,,
30% Off Storewide,Etude House,mbbEUerC,,
30% Off Storewide,Etude House,6iiMsRUj,,
30% Off Storewide,Etude House,B6fCWCo9,,
30% Off Storewide,Etude House,E4FV4j6t,,
30% Off Storewide,Etude House,Hed2A5t6,,
30% Off Storewide,Etude House,5fGhPkfx,,
30% Off Storewide,Etude House,nQcHhwbg,,
30% Off Storewide,Etude House,CjZo3DBP,,
30% Off Storewide,Etude House,sWnX4sWD,,
30% Off Storewide,Etude House,kEgZC2qi,,
30% Off Storewide,Etude House,kMESsnPW,,
30% Off Storewide,Etude House,rqQmeXW4,,
30% Off Storewide,Etude House,xMCLsxxi,,
30% Off Storewide,Etude House,dR6P3j2g,,
30% Off Storewide,Etude House,nu5McSNq,,
30% Off Storewide,Etude House,smjGYWi6,,
30% Off Storewide,Etude House,qWJQrqhQ,,
30% Off Storewide,Etude House,woJSvDiG,,
30% Off Storewide,Etude House,YvrVfXmE,,
30% Off Storewide,Etude House,TMD98vEA,,
30% Off Storewide,Etude House,fUFZD5Rb,,
30% Off Storewide,Etude House,fGdiYBGV,,
30% Off Storewide,Etude House,ZSDzMdqo,,
30% Off Storewide,Etude House,jQKwAVcs,,
30% Off Storewide,Etude House,EA7JZtMR,,
30% Off Storewide,Etude House,5e9ChPuo,,
30% Off Storewide,Etude House,gqHJ87q2,,
30% Off Storewide,Etude House,u7KkGLPL,,
30% Off Storewide,Etude House,hCGuaREg,,
30% Off Storewide,Etude House,m5Qpeec7,,
30% Off Storewide,Etude House,2zTLsujk,,
30% Off Storewide,Etude House,FmhoisVb,,
30% Off Storewide,Etude House,LLh9qhcg,,
30% Off Storewide,Etude House,vnMxtn2m,,
30% Off Storewide,Etude House,SFBgRXkn,,
30% Off Storewide,Etude House,rqZcbW9w,,
30% Off Storewide,Etude House,BkzmRSK6,,
30% Off Storewide,Etude House,FQKCfAYr,,
30% Off Storewide,Etude House,Q6KxBwkV,,
30% Off Storewide,Etude House,gwN69Jyq,,
30% Off Storewide,Etude House,cKeZz2N4,,
30% Off Storewide,Etude House,GXgHLxCm,,
30% Off Storewide,Etude House,VbnwWSBe,,
30% Off Storewide,Etude House,UWLn5Aws,,
30% Off Storewide,Etude House,SThUeQUU,,
30% Off Storewide,Etude House,SHy3BCL3,,
30% Off Storewide,Etude House,Z5gjde4J,,
30% Off Storewide,Etude House,LKhr956y,,
30% Off Storewide,Etude House,Tvihoisx,,
30% Off Storewide,Etude House,kTu5zEzy,,
30% Off Storewide,Etude House,awA2v2gw,,
30% Off Storewide,Etude House,vryPGnwd,,
30% Off Storewide,Etude House,YWn7YoKg,,
30% Off Storewide,Etude House,nVjNhWyW,,
30% Off Storewide,Etude House,MU9irZDL,,
30% Off Storewide,Etude House,WTskWVxZ,,
30% Off Storewide,Etude House,AZwJhgNB,,
30% Off Storewide,Etude House,VU2y6PuR,,
30% Off Storewide,Etude House,nSsaypGC,,
30% Off Storewide,Etude House,xcrdzUw7,,
30% Off Storewide,Etude House,XxCQfwSe,,
30% Off Storewide,Etude House,JufYPYPd,,
30% Off Storewide,Etude House,KTtgMrA4,,
30% Off Storewide,Etude House,LHi83Udy,,
30% Off Storewide,Etude House,75TkzrdB,,
30% Off Storewide,Etude House,oRCejciK,,
30% Off Storewide,Etude House,RpX9HoaJ,,
30% Off Storewide,Etude House,UvrNnd26,,
30% Off Storewide,Etude House,R99j9jr5,,
30% Off Storewide,Etude House,K4ZwvXMh,,
30% Off Storewide,Etude House,YNiqTd59,,
30% Off Storewide,Etude House,hSYfH8eJ,,
30% Off Storewide,Etude House,npNMtX3K,,
30% Off Storewide,Etude House,k8ZGtz5R,,
30% Off Storewide,Etude House,taGNDsNE,,
30% Off Storewide,Etude House,EkF89c3n,,
30% Off Storewide,Etude House,CRg8jgnD,,
30% Off Storewide,Etude House,67bFF54G,,
30% Off Storewide,Etude House,krbcswgr,,
30% Off Storewide,Etude House,3D4rK2fD,,
30% Off Storewide,Etude House,5WrrEVdR,,
30% Off Storewide,Etude House,7HLswRpV,,
30% Off Storewide,Etude House,jcyHtrDD,,
30% Off Storewide,Etude House,PHGVWZQU,,
30% Off Storewide,Etude House,kAGggPZ7,,
30% Off Storewide,Etude House,gVqLNcSz,,
30% Off Storewide,Etude House,Hk2BYgmC,,
30% Off Storewide,Etude House,cZ2FhG8H,,
30% Off Storewide,Etude House,fvVqzN5X,,
30% Off Storewide,Etude House,gk6vFMUD,,
30% Off Storewide,Etude House,CgfnU2Gb,,
30% Off Storewide,Etude House,ibg2tpDR,,
$5 Off Any Ride,Grab,YXchyBs,,
$5 Off Any Ride,Grab,PYLqsio,,
$5 Off Any Ride,Grab,uKkvLBc,,
$5 Off Any Ride,Grab,q9eUgDr,,
$5 Off Any Ride,Grab,iBERXtb,,
$5 Off Any Ride,Grab,okkahaB,,
$5 Off Any Ride,Grab,tRKubgP,,
$5 Off Any Ride,Grab,h3N3WDS,,
$5 Off Any Ride,Grab,tLA6xuD,,
$5 Off Any Ride,Grab,CEhysqU,,
$5 Off Any Ride,Grab,LJMuZsP,,
$5 Off Any Ride,Grab,k7Rhwiw,,
$5 Off Any Ride,Grab,769Lm2L,,
$5 Off Any Ride,Grab,WPmGYCn,,
$5 Off Any Ride,Grab,qEhoJVT,,
$5 Off Any Ride,Grab,vVjvnPM,,
$5 Off Any Ride,Grab,zFoZQCP,,
$5 Off Any Ride,Grab,rtyWvzS,,
$5 Off Any Ride,Grab,iMnFpzR,,
$5 Off Any Ride,Grab,ioZuLgb,,
$5 Off Any Ride,Grab,WG9Tb55,,
$5 Off Any Ride,Grab,TbqntST,,
$5 Off Any Ride,Grab,sTq9pbD,,
$5 Off Any Ride,Grab,u2SvVzL,,
$5 Off Any Ride,Grab,rLRg6Lf,,
$5 Off Any Ride,Grab,DwzZsbB,,
$5 Off Any Ride,Grab,5ZR6Gj5,,
$5 Off Any Ride,Grab,JusESVe,,
$5 Off Any Ride,Grab,f4y8Hoa,,
$5 Off Any Ride,Grab,CoTbBF2,,
$5 Off Any Ride,Grab,DRx4mHT,,
$5 Off Any Ride,Grab,bj5wmMZ,,
$5 Off Any Ride,Grab,NwgsmEb,,
$5 Off Any Ride,Grab,ZNfWHRZ,,
$5 Off Any Ride,Grab,KEVeRHp,,
$5 Off Any Ride,Grab,R9C2AiR,,
$5 Off Any Ride,Grab,QHosUnG,,
$5 Off Any Ride,Grab,TBNQPV3,,
$5 Off Any Ride,Grab,YByaqF6,,
$5 Off Any Ride,Grab,t2mVSb9,,
$5 Off Any Ride,Grab,LDrr6m6,,
$5 Off Any Ride,Grab,RUBGgLw,,
$5 Off Any Ride,Grab,RyKs4gk,,
$5 Off Any Ride,Grab,JvX2e9u,,
$5 Off Any Ride,Grab,uHFfQvs,,
$5 Off Any Ride,Grab,Wsxsa55,,
$5 Off Any Ride,Grab,6bCgXCb,,
$5 Off Any Ride,Grab,5ewEkhP,,
$5 Off Any Ride,Grab,remQ8a5,,
$5 Off Any Ride,Grab,UGbNDrS,,
$5 Off Any Ride,Grab,KskP4Wz,,
$5 Off Any Ride,Grab,5MVN5cq,,
$5 Off Any Ride,Grab,M2PPA7h,,
$5 Off Any Ride,Grab,xgSTGHZ,,
$5 Off Any Ride,Grab,ZRZXuNi,,
$5 Off Any Ride,Grab,XaLNDTz,,
$5 Off Any Ride,Grab,chDB5fY,,
$5 Off Any Ride,Grab,oaVYokV,,
$5 Off Any Ride,Grab,PiqxdCm,,
$5 Off Any Ride,Grab,DFCWbBb,,
$5 Off Any Ride,Grab,WUH9cCY,,
$5 Off Any Ride,Grab,skugBto,,
$5 Off Any Ride,Grab,GJzQCNc,,
$5 Off Any Ride,Grab,8mCroku,,
$5 Off Any Ride,Grab,V5EcmFz,,
$5 Off Any Ride,Grab,KQg7cX8,,
$5 Off Any Ride,Grab,LX5ufCb,,
$5 Off Any Ride,Grab,obLnvcn,,
$5 Off Any Ride,Grab,h2qdRMs,,
$5 Off Any Ride,Grab,R6stJRP,,
$5 Off Any Ride,Grab,iF2BhfT,,
$5 Off Any Ride,Grab,22gogPD,,
$5 Off Any Ride,Grab,bV4QQVR,,
$5 Off Any Ride,Grab,nL7cTDJ,,
$5 Off Any Ride,Grab,4QV4J8Z,,
$5 Off Any Ride,Grab,GPYV6i2,,
$5 Off Any Ride,Grab,a4j7PNU,,
$5 Off Any Ride,Grab,9PKiRn7,,
$5 Off Any Ride,Grab,zDySu4h,,
$5 Off Any Ride,Grab,ooJsVHK,,
$5 Off Any Ride,Grab,UEz4HR3,,
$5 Off Any Ride,Grab,tJxnBCj,,
$5 Off Any Ride,Grab,4GUoSby,,
$5 Off Any Ride,Grab,3uye7hU,,
$5 Off Any Ride,Grab,zzNAECM,,
$5 Off Any Ride,Grab,GWK6Amr,,
$5 Off Any Ride,Grab,tFQWXyg,,
$5 Off Any Ride,Grab,SLnncue,,
$5 Off Any Ride,Grab,MsgLSbB,,
$5 Off Any Ride,Grab,zoWqAiK,,
$5 Off Any Ride,Grab,eSp8k9t,,
$5 Off Any Ride,Grab,EQw5Gjg,,
$5 Off Any Ride,Grab,CyLxjMP,,
$5 Off Any Ride,Grab,cCwF3PM,,
$5 Off Any Ride,Grab,nZJu64S,,
$5 Off Any Ride,Grab,myLNLZ8,,
$5 Off Any Ride,Grab,7zHjR3E,,
$5 Off Any Ride,Grab,NM3hUVL,,
$5 Off Any Ride,Grab,xtZTV3z,,
$5 Off Any Ride,Grab,j9sC8YW,,
$5 Off Any Ride,Grab,78cCm2a,,
$5 Off Any Ride,Grab,CfATS69,,
$5 Off Any Ride,Grab,RA4Vjxb,,
$5 Off Any Ride,Grab,V4pfF9u,,
$5 Off Any Ride,Grab,KxHLMUB,,
$5 Off Any Ride,Grab,mv36go6,,
$5 Off Any Ride,Grab,9ZS38pL,,
$5 Off Any Ride,Grab,rj8JGez,,
$5 Off Any Ride,Grab,fRtzEcQ,,
$5 Off Any Ride,Grab,KeYhkjJ,,
$5 Off Any Ride,Grab,mQxP7BT,,
$5 Off Any Ride,Grab,N2hmHSg,,
$5 Off Any Ride,Grab,KVkdGcJ,,
$5 Off Any Ride,Grab,auUPNQW,,
$5 Off Any Ride,Grab,mgraoz7,,
$5 Off Any Ride,Grab,Bog86cW,,
$5 Off Any Ride,Grab,2FtZw53,,
$5 Off Any Ride,Grab,ztYuieV,,
$5 Off Any Ride,Grab,bUW3wRc,,
$5 Off Any Ride,Grab,ED6SxZX,,
$5 Off Any Ride,Grab,K7GHFxL,,
$5 Off Any Ride,Grab,5Rx4okn,,
$5 Off Any Ride,Grab,Xyed8cB,,
$5 Off Any Ride,Grab,QHmch5s,,
$5 Off Any Ride,Grab,3Az32xi,,
$5 Off Any Ride,Grab,rFvtF2T,,
$5 Off Any Ride,Grab,8gx5TSi,,
$5 Off Any Ride,Grab,XtTMoLe,,
$5 Off Any Ride,Grab,cJqNFqz,,
$5 Off Any Ride,Grab,zBdYXRB,,
$5 Off Any Ride,Grab,oSBxnZu,,
$5 Off Any Ride,Grab,QzRMhTC,,
$5 Off Any Ride,Grab,BxuQs5Y,,
$5 Off Any Ride,Grab,eJ6kqnT,,
$5 Off Any Ride,Grab,CmMwNMv,,
$5 Off Any Ride,Grab,BfSYZdS,,
$5 Off Any Ride,Grab,96EVSFa,,
$5 Off Any Ride,Grab,3JFfLBF,,
$5 Off Any Ride,Grab,ZNz23Gh,,
$5 Off Any Ride,Grab,pHFNH6m,,
$5 Off Any Ride,Grab,29KayDs,,
$5 Off Any Ride,Grab,cYtogao,,
$5 Off Any Ride,Grab,uRsiZWA,,
$5 Off Any Ride,Grab,HVES84W,,
$5 Off Any Ride,Grab,kGmkrLv,,
$5 Off Any Ride,Grab,msbNctL,,
$5 Off Any Ride,Grab,oQbwq7g,,
$5 Off Any Ride,Grab,XsKXBoJ,,
$5 Off Any Ride,Grab,vn7kqNu,,
$5 Off Any Ride,Grab,9mE8RQN,,
$5 Off Any Ride,Grab,ydDv7H5,,
$5 Off Any Ride,Grab,orECqkz,,
$5 Off Any Ride,Grab,iyNHMiR,,
$5 Off Any Ride,Grab,YgKfjFW,,
$5 Off Any Ride,Grab,GYSWLm6,,
$5 Off Any Ride,Grab,An3MkpV,,
$5 Off Any Ride,Grab,THSqtoM,,
$5 Off Any Ride,Grab,dy4qK4a,,
$5 Off Any Ride,Grab,ovtkdSg,,
$5 Off Any Ride,Grab,bBwyyC2,,
$5 Off Any Ride,Grab,KLp2Dmd,,
$5 Off Any Ride,Grab,NNiCJ5z,,
$5 Off Any Ride,Grab,mmLCNTn,,
$5 Off Any Ride,Grab,QXwaAv8,,
$5 Off Any Ride,Grab,uetw3Z4,,
$5 Off Any Ride,Grab,EUdEVuG,,
$5 Off Any Ride,Grab,DdbFLgF,,
$5 Off Any Ride,Grab,7CwUUFT,,
$5 Off Any Ride,Grab,MLPCPo3,,
$5 Off Any Ride,Grab,ApRB96x,,
$5 Off Any Ride,Grab,RBqNNHz,,
$5 Off Any Ride,Grab,myRjyZt,,
$5 Off Any Ride,Grab,xm7bSa4,,
$5 Off Any Ride,Grab,3ZDLdJ8,,
$5 Off Any Ride,Grab,xUGUsRv,,
$5 Off Any Ride,Grab,TkveH3G,,
$5 Off Any Ride,Grab,nf7qtS9,,
$5 Off Any Ride,Grab,HKuaXer,,
$5 Off Any Ride,Grab,aMDFKrQ,,
$5 Off Any Ride,Grab,P4NrnUH,,
$5 Off Any Ride,Grab,Y4wssWe,,
$5 Off Any Ride,Grab,bFgX3Pt,,
$5 Off Any Ride,Grab,Jo6m6Gr,,
$5 Off Any Ride,Grab,JoehZqy,,
$5 Off Any Ride,Grab,GMuEgMc,,
$5 Off Any Ride,Grab,2RQGHPu,,
$5 Off Any Ride,Grab,CXWAkNv,,
$5 Off Any Ride,Grab,5xYDWS5,,
$5 Off Any Ride,Grab,n4xcnVA,,
$5 Off Any Ride,Grab,u7zSma6,,
$5 Off Any Ride,Grab,8sdFvey,,
$5 Off Any Ride,Grab,zV94PYK,,
$5 Off Any Ride,Grab,apLjxWN,,
$5 Off Any Ride,Grab,46esxnu,,
$5 Off Any Ride,Grab,YWjUMPQ,,
$5 Off Any Ride,Grab,UFpeooM,,
$5 Off Any Ride,Grab,Bbp4NCr,,
$5 Off Any Ride,Grab,LuozAS5,,
$5 Off Any Ride,Grab,m5wffKM,,
$5 Off Any Ride,Grab,towXrDe,,
$5 Off Any Ride,Grab,XDKHwXu,,
$5 Off Any Ride,Grab,oi9vRhD,,
$5 Off Any Ride,Grab,8C6nnpY,,
$5 Off Any Ride,Grab,SJh3dPd,,
$5 Off Any Ride,Grab,8qt9t4o,,
$5 Off Any Ride,Grab,9XGveGX,,
$5 Off Any Ride,Grab,rEyXhEx,,
$5 Off Any Ride,Grab,CWVEQD9,,
$5 Off Any Ride,Grab,oURa6b8,,
$5 Off Any Ride,Grab,VjSjhwo,,
$5 Off Any Ride,Grab,W2VLKQD,,
$5 Off Any Ride,Grab,enVntow,,
$5 Off Any Ride,Grab,2eg3STz,,
$5 Off Any Ride,Grab,SJnzB75,,
$5 Off Any Ride,Grab,HCWSipE,,
$5 Off Any Ride,Grab,dPxYm3W,,
$5 Off Any Ride,Grab,q5qzNyV,,
$5 Off Any Ride,Grab,4rS2jii,,
$5 Off Any Ride,Grab,3mu5eQ6,,
$5 Off Any Ride,Grab,fJr4oj5,,
$5 Off Any Ride,Grab,UiW9sGb,,
$5 Off Any Ride,Grab,Cq9KMh7,,
$5 Off Any Ride,Grab,W4yDnRY,,
$5 Off Any Ride,Grab,Etvqs4y,,
$5 Off Any Ride,Grab,S3eiFLZ,,
$5 Off Any Ride,Grab,JmcmHdf,,
$5 Off Any Ride,Grab,BRJBdKe,,
$5 Off Any Ride,Grab,n6YewRD,,
$5 Off Any Ride,Grab,yCuFCm3,,
$5 Off Any Ride,Grab,BQEYdKA,,
$5 Off Any Ride,Grab,zGBvSpM,,
$5 Off Any Ride,Grab,PuBRLzh,,
$5 Off Any Ride,Grab,V2B5kxK,,
$5 Off Any Ride,Grab,vibm9dy,,
$5 Off Any Ride,Grab,jKsrBNo,,
$5 Off Any Ride,Grab,D2nTTbo,,
$5 Off Any Ride,Grab,heAT386,,
$5 Off Any Ride,Grab,CDmW7Hv,,
$5 Off Any Ride,Grab,RDHeK2z,,
$5 Off Any Ride,Grab,Ha7bmPe,,
$5 Off Any Ride,Grab,fgwwAne,,
$5 Off Any Ride,Grab,jekxd8G,,
$5 Off Any Ride,Grab,YpuJD4C,,
$5 Off Any Ride,Grab,5tyrJ5Q,,
$5 Off Any Ride,Grab,B8TqnWa,,
$5 Off Any Ride,Grab,fquM25K,,
$5 Off Any Ride,Grab,pGNsh7Y,,
$5 Off Any Ride,Grab,yXvnvBB,,
$5 Off Any Ride,Grab,igiqhfa,,
$5 Off Any Ride,Grab,HfXMLay,,
$5 Off Any Ride,Grab,ficLdt7,,
$5 Off Any Ride,Grab,kprj6Dy,,
$5 Off Any Ride,Grab,6n2Unef,,
$5 Off Any Ride,Grab,Kj5UZJ4,,
$5 Off Any Ride,Grab,pZmqcNV,,
$5 Off Any Ride,Grab,7kAewBd,,
$5 Off Any Ride,Grab,sjJFrHF,,
$5 Off Any Ride,Grab,f6vHEBg,,
$5 Off Any Ride,Grab,XLHB9Qg,,
$5 Off Any Ride,Grab,Ctd8EN2,,
$5 Off Any Ride,Grab,H7nrJdh,,
$5 Off Any Ride,Grab,r7nDrxE,,
$5 Off Any Ride,Grab,fGuqJ4n,,
$5 Off Any Ride,Grab,cB9asN4,,
$5 Off Any Ride,Grab,6cnzE7u,,
$5 Off Any Ride,Grab,ERn7uij,,
$5 Off Any Ride,Grab,tZFA8Eu,,
$5 Off Any Ride,Grab,sTBbXaD,,
$5 Off Any Ride,Grab,gQAmye6,,
$5 Off Any Ride,Grab,CLnG6eS,,
$5 Off Any Ride,Grab,kcvtAAK,,
$5 Off Any Ride,Grab,ch6K9tU,,
$5 Off Any Ride,Grab,idKBmBL,,
$5 Off Any Ride,Grab,WiBfDVP,,
$5 Off Any Ride,Grab,kz7hyFc,,
$5 Off Any Ride,Grab,3D6cqQK,,
$5 Off Any Ride,Grab,Rrrcif4,,
$5 Off Any Ride,Grab,mQBkdbr,,
$5 Off Any Ride,Grab,Nh6W6jP,,
$5 Off Any Ride,Grab,p7MEhC9,,
$5 Off Any Ride,Grab,erqgqnH,,
$5 Off Any Ride,Grab,ShQoNQM,,
$5 Off Any Ride,Grab,bsotgqD,,
$5 Off Any Ride,Grab,FbHomPc,,
$5 Off Any Ride,Grab,MVLG9RX,,
$5 Off Any Ride,Grab,UWhWMKy,,
$5 Off Any Ride,Grab,GwvoYoe,,
$5 Off Any Ride,Grab,bZtJLa2,,
$5 Off Any Ride,Grab,ahuuxSe,,
$5 Off Any Ride,Grab,UqjHJMC,,
$5 Off Any Ride,Grab,JrER3SD,,
$5 Off Any Ride,Grab,zWVULpz,,
$5 Off Any Ride,Grab,QEFZnaT,,
$5 Off Any Ride,Grab,5nobwWe,,
$5 Off Any Ride,Grab,jQNK7zf,,
$5 Off Any Ride,Grab,HUMZqYE,,
$5 Off Any Ride,Grab,S4myn3W,,
$5 Off Any Ride,Grab,XE8KCaC,,
$5 Off Any Ride,Grab,f4Cw9Tp,,
$5 Off Any Ride,Grab,65c6jqn,,
$10 Off Any Ride,Grab,kATHdKY,,
$10 Off Any Ride,Grab,ZbbXBfS,,
$10 Off Any Ride,Grab,eh9tNbd,,
$10 Off Any Ride,Grab,oqjNdtT,,
$10 Off Any Ride,Grab,j6Rg8Zm,,
$10 Off Any Ride,Grab,nPHruRE,,
$10 Off Any Ride,Grab,CVuGXZW,,
$10 Off Any Ride,Grab,ZTzZigS,,
$10 Off Any Ride,Grab,Z5Te4KD,,
$10 Off Any Ride,Grab,QrgdCsT,,
$10 Off Any Ride,Grab,9baDPHp,,
$10 Off Any Ride,Grab,VqwRX5L,,
$10 Off Any Ride,Grab,6Exepkk,,
$10 Off Any Ride,Grab,XnFbfmP,,
$10 Off Any Ride,Grab,7GzFUqy,,
$10 Off Any Ride,Grab,tT55Qhw,,
$10 Off Any Ride,Grab,r8nocdT,,
$10 Off Any Ride,Grab,CoFxmBM,,
$10 Off Any Ride,Grab,9CLWN3t,,
$10 Off Any Ride,Grab,vkTcZYd,,
$10 Off Any Ride,Grab,KfAH5yR,,
$10 Off Any Ride,Grab,EjX3LfQ,,
$10 Off Any Ride,Grab,KxjUHoL,,
$10 Off Any Ride,Grab,2xuWZE3,,
$10 Off Any Ride,Grab,B8ZrdjX,,
$10 Off Any Ride,Grab,rNbqema,,
$10 Off Any Ride,Grab,b7XDTNA,,
$10 Off Any Ride,Grab,ckC4T88,,
$10 Off Any Ride,Grab,TwUXGev,,
$10 Off Any Ride,Grab,hWqcEVV,,
$10 Off Any Ride,Grab,BEG4stz,,
$10 Off Any Ride,Grab,BBx8BSE,,
$10 Off Any Ride,Grab,UaKA5u3,,
$10 Off Any Ride,Grab,YuoqbG3,,
$10 Off Any Ride,Grab,FKFyj6N,,
$10 Off Any Ride,Grab,fmfiJaf,,
$10 Off Any Ride,Grab,K3gdAfm,,
$10 Off Any Ride,Grab,7Fh3rsW,,
$10 Off Any Ride,Grab,VuuBhwL,,
$10 Off Any Ride,Grab,ijwy5Lt,,
$10 Off Any Ride,Grab,h4p4cAk,,
$10 Off Any Ride,Grab,yhyqNTj,,
$10 Off Any Ride,Grab,z3NvVem,,
$10 Off Any Ride,Grab,LJVZzdj,,
$10 Off Any Ride,Grab,kx6Stbt,,
$10 Off Any Ride,Grab,ht4ZvNc,,
$10 Off Any Ride,Grab,F2tYyzt,,
$10 Off Any Ride,Grab,viog36g,,
$10 Off Any Ride,Grab,JKLxA6m,,
$10 Off Any Ride,Grab,Tp9ZP3Q,,
$10 Off Any Ride,Grab,CjeMruF,,
$10 Off Any Ride,Grab,dzALP4q,,
$10 Off Any Ride,Grab,FbxV2t3,,
$10 Off Any Ride,Grab,yJn3Gju,,
$10 Off Any Ride,Grab,rbuzg8W,,
$10 Off Any Ride,Grab,929LunX,,
$10 Off Any Ride,Grab,G6cS7vx,,
$10 Off Any Ride,Grab,bAZgM7a,,
$10 Off Any Ride,Grab,jShztYz,,
$10 Off Any Ride,Grab,CpCrGXH,,
$10 Off Any Ride,Grab,wXfinwf,,
$10 Off Any Ride,Grab,jUiFewv,,
$10 Off Any Ride,Grab,LwwNXAJ,,
$10 Off Any Ride,Grab,qoEv53A,,
$10 Off Any Ride,Grab,eRGD7P5,,
$10 Off Any Ride,Grab,8m5ByzD,,
$10 Off Any Ride,Grab,2CjeTYd,,
$10 Off Any Ride,Grab,K9f9ktx,,
$10 Off Any Ride,Grab,sHxkMeh,,
$10 Off Any Ride,Grab,hJMgDou,,
$10 Off Any Ride,Grab,chpyaja,,
$10 Off Any Ride,Grab,3BW3CiK,,
$10 Off Any Ride,Grab,uyUU9yz,,
$10 Off Any Ride,Grab,zZDrLjs,,
$10 Off Any Ride,Grab,38XQpWD,,
$10 Off Any Ride,Grab,H72XZbb,,
$10 Off Any Ride,Grab,pYgJ2P3,,
$10 Off Any Ride,Grab,mVQB94y,,
$10 Off Any Ride,Grab,Ru2Qzms,,
$10 Off Any Ride,Grab,HHii2nv,,
$10 Off Any Ride,Grab,6BBCHdq,,
$10 Off Any Ride,Grab,ffqhxBh,,
$10 Off Any Ride,Grab,kvjuBNJ,,
$10 Off Any Ride,Grab,tEfVnGs,,
$10 Off Any Ride,Grab,x8EASDi,,
$10 Off Any Ride,Grab,rNwARBV,,
$10 Off Any Ride,Grab,Zgrf9RF,,
$10 Off Any Ride,Grab,KBXWswj,,
$10 Off Any Ride,Grab,YAFryx8,,
$10 Off Any Ride,Grab,MaDFrrt,,
$10 Off Any Ride,Grab,7ocuGmV,,
$10 Off Any Ride,Grab,kkwiEkD,,
$10 Off Any Ride,Grab,56GorgR,,
$10 Off Any Ride,Grab,wLbwrgm,,
$10 Off Any Ride,Grab,TdAEAK4,,
$10 Off Any Ride,Grab,KrVwZSh,,
$10 Off Any Ride,Grab,s6zRKSP,,
$10 Off Any Ride,Grab,UNRxRK2,,
$10 Off Any Ride,Grab,B3N5zBo,,
$10 Off Any Ride,Grab,aVngbSh,,
$10 Off Any Ride,Grab,n6TnBvG,,
$10 Off Any Ride,Grab,6K336Fk,,
$10 Off Any Ride,Grab,VSHETvA,,
$10 Off Any Ride,Grab,2et5KqK,,
$10 Off Any Ride,Grab,GYfLNhD,,
$10 Off Any Ride,Grab,ZNPzB9J,,
$10 Off Any Ride,Grab,inLoAYt,,
$10 Off Any Ride,Grab,D4Utmg2,,
$10 Off Any Ride,Grab,s5xmBRS,,
$10 Off Any Ride,Grab,qyMHmEZ,,
$10 Off Any Ride,Grab,6uXr4FZ,,
$10 Off Any Ride,Grab,B8Y4kv6,,
$10 Off Any Ride,Grab,nduSKiW,,
$10 Off Any Ride,Grab,6LkB2j9,,
$10 Off Any Ride,Grab,KDoJdNF,,
$10 Off Any Ride,Grab,KBja3Hz,,
$10 Off Any Ride,Grab,JsU2bDj,,
$10 Off Any Ride,Grab,EU7eNYP,,
$10 Off Any Ride,Grab,9AGdcEN,,
$10 Off Any Ride,Grab,s4BDXv3,,
$10 Off Any Ride,Grab,b3Bwwda,,
$10 Off Any Ride,Grab,wxqoJcC,,
$10 Off Any Ride,Grab,tDd3JJ4,,
$10 Off Any Ride,Grab,ExLs7ek,,
$10 Off Any Ride,Grab,CtjUbKX,,
$10 Off Any Ride,Grab,gbyRAe6,,
$10 Off Any Ride,Grab,SNF57e2,,
$10 Off Any Ride,Grab,VTcMaFT,,
$10 Off Any Ride,Grab,bwmHh6p,,
$10 Off Any Ride,Grab,Jx4QYE6,,
$10 Off Any Ride,Grab,BA97xwp,,
$10 Off Any Ride,Grab,axrKXyZ,,
$10 Off Any Ride,Grab,SaditBM,,
$10 Off Any Ride,Grab,E8kwAyD,,
$10 Off Any Ride,Grab,bMPWqrC,,
$10 Off Any Ride,Grab,xg4rCLN,,
$10 Off Any Ride,Grab,pURe9Jr,,
$10 Off Any Ride,Grab,id8bKC5,,
$10 Off Any Ride,Grab,rBFJnYj,,
$10 Off Any Ride,Grab,jZcFttj,,
$10 Off Any Ride,Grab,gQU7PF7,,
$10 Off Any Ride,Grab,8ViGRKk,,
$10 Off Any Ride,Grab,A7kpfnc,,
$10 Off Any Ride,Grab,Ccoskvp,,
$10 Off Any Ride,Grab,tGroJRg,,
$10 Off Any Ride,Grab,z2xLucZ,,
$10 Off Any Ride,Grab,ReDMSHG,,
$10 Off Any Ride,Grab,r5EEX4i,,
$10 Off Any Ride,Grab,UmYCAaA,,
$10 Off Any Ride,Grab,ze9ZApW,,
$10 Off Any Ride,Grab,SrLVBDW,,
$10 Off Any Ride,Grab,nuR2zAq,,
$10 Off Any Ride,Grab,zFfafd7,,
$10 Off Any Ride,Grab,8DWpA3n,,
$10 Off Any Ride,Grab,8zHJhoe,,
$10 Off Any Ride,Grab,xfXyb7m,,
$10 Off Any Ride,Grab,TqqNvEt,,
$10 Off Any Ride,Grab,4y42JB6,,
$10 Off Any Ride,Grab,AVMXCbN,,
$10 Off Any Ride,Grab,UkKsUEd,,
$10 Off Any Ride,Grab,bNSME9M,,
$10 Off Any Ride,Grab,3Je4jjz,,
$10 Off Any Ride,Grab,35psWzN,,
$10 Off Any Ride,Grab,ZXCQuWV,,
$10 Off Any Ride,Grab,fdsb4P5,,
$10 Off Any Ride,Grab,BZteZmA,,
$10 Off Any Ride,Grab,pgvJAW6,,
$10 Off Any Ride,Grab,or9JjSR,,
$10 Off Any Ride,Grab,hHMCQZJ,,
$10 Off Any Ride,Grab,RUFsUpd,,
$10 Off Any Ride,Grab,YQ8PijS,,
$10 Off Any Ride,Grab,6PUeCNW,,
$10 Off Any Ride,Grab,vLcApZY,,
$10 Off Any Ride,Grab,94ib3wm,,
$10 Off Any Ride,Grab,aR5inoc,,
$10 Off Any Ride,Grab,tyJVryn,,
$10 Off Any Ride,Grab,zPndZmA,,
$10 Off Any Ride,Grab,My3osFt,,
$10 Off Any Ride,Grab,dxgYjSH,,
$10 Off Any Ride,Grab,huGZdoG,,
$10 Off Any Ride,Grab,Ye7Syej,,
$10 Off Any Ride,Grab,wAs799a,,
$10 Off Any Ride,Grab,wLDXFcf,,
$10 Off Any Ride,Grab,YXLrmLb,,
$10 Off Any Ride,Grab,Zk92C6i,,
$10 Off Any Ride,Grab,6jB28o3,,
$10 Off Any Ride,Grab,9EURZKS,,
$10 Off Any Ride,Grab,ZTPg3Dz,,
$10 Off Any Ride,Grab,xzsJeQv,,
$10 Off Any Ride,Grab,zZMCGaP,,
$10 Off Any Ride,Grab,aHuX3Mt,,
$10 Off Any Ride,Grab,c57f27f,,
$10 Off Any Ride,Grab,vvMrTEu,,
$10 Off Any Ride,Grab,k45vExB,,
$10 Off Any Ride,Grab,7is8h2w,,
$10 Off Any Ride,Grab,d7TZC4r,,
$10 Off Any Ride,Grab,5wVAtfa,,
$10 Off Any Ride,Grab,BUSqCie,,
$10 Off Any Ride,Grab,6G6xBBY,,
$10 Off Any Ride,Grab,Hxwxur6,,
$10 Off Any Ride,Grab,pXf7KAS,,
$10 Off Any Ride,Grab,eKy54Qx,,
$10 Off Any Ride,Grab,UbToqdA,,
$10 Off Any Ride,Grab,mPT6i2a,,
$10 Off Any Ride,Grab,LJCYDpe,,
$10 Off Any Ride,Grab,zhYctbJ,,
$10 Off Any Ride,Grab,czn2tj6,,
$10 Off Any Ride,Grab,5pewAax,,
$10 Off Any Ride,Grab,UPKRvNQ,,
$10 Off Any Ride,Grab,tCbAfF6,,
$10 Off Any Ride,Grab,iMQeawd,,
$10 Off Any Ride,Grab,VTYoHoj,,
$10 Off Any Ride,Grab,ztLd7ZP,,
$10 Off Any Ride,Grab,zagGmDE,,
$10 Off Any Ride,Grab,RKVfdfq,,
$10 Off Any Ride,Grab,Q9vQyek,,
$10 Off Any Ride,Grab,NbxhbNE,,
$10 Off Any Ride,Grab,drsvLX9,,
$10 Off Any Ride,Grab,AWDU7Ag,,
$10 Off Any Ride,Grab,JkXpEPE,,
$10 Off Any Ride,Grab,Uojm2AD,,
$10 Off Any Ride,Grab,fEgFBhj,,
$10 Off Any Ride,Grab,GcmhYHw,,
$10 Off Any Ride,Grab,axgvcFK,,
$10 Off Any Ride,Grab,qoHdLi3,,
$10 Off Any Ride,Grab,Y8SkhbH,,
$10 Off Any Ride,Grab,6Z4rJCT,,
$10 Off Any Ride,Grab,wsG3PeA,,
$10 Off Any Ride,Grab,CAptYXS,,
$10 Off Any Ride,Grab,Xsc5K53,,
$10 Off Any Ride,Grab,zSb8jir,,
$10 Off Any Ride,Grab,R9MT49B,,
$10 Off Any Ride,Grab,TnqoEoQ,,
$10 Off Any Ride,Grab,V5bZeef,,
$10 Off Any Ride,Grab,JHEwZBV,,
$10 Off Any Ride,Grab,JATMaaK,,
$10 Off Any Ride,Grab,iwPAaj5,,
$10 Off Any Ride,Grab,VGEMhdt,,
$10 Off Any Ride,Grab,YQdEGv7,,
$10 Off Any Ride,Grab,Z8P3L8n,,
$10 Off Any Ride,Grab,3nXbeuj,,
$10 Off Any Ride,Grab,PD2YSVP,,
$10 Off Any Ride,Grab,iVUUw2a,,
$10 Off Any Ride,Grab,84v5LUy,,
$10 Off Any Ride,Grab,3jsBWCx,,
$10 Off Any Ride,Grab,gpwzTau,,
$10 Off Any Ride,Grab,rKgHMoh,,
$10 Off Any Ride,Grab,gbc3Lr7,,
$10 Off Any Ride,Grab,wFZJF9R,,
$10 Off Any Ride,Grab,pUHcjgc,,
$10 Off Any Ride,Grab,ZHZYRv2,,
$10 Off Any Ride,Grab,UdhLFKq,,
$10 Off Any Ride,Grab,6rr6btE,,
$10 Off Any Ride,Grab,fPEWnQi,,
$10 Off Any Ride,Grab,EeUMrLq,,
$10 Off Any Ride,Grab,eYYsakc,,
$10 Off Any Ride,Grab,You6XVw,,
$10 Off Any Ride,Grab,KyvoAj9,,
$10 Off Any Ride,Grab,ojAMyPD,,
$10 Off Any Ride,Grab,aQ3TjHE,,
$10 Off Any Ride,Grab,SUQufyE,,
$10 Off Any Ride,Grab,LVpr3Fu,,
$10 Off Any Ride,Grab,7gbE77L,,
$10 Off Any Ride,Grab,hYizJBW,,
$10 Off Any Ride,Grab,kyuQexC,,
$10 Off Any Ride,Grab,pjC7S4S,,
$10 Off Any Ride,Grab,hTauNSB,,
$10 Off Any Ride,Grab,3zSqvB9,,
$10 Off Any Ride,Grab,kKWi9Dh,,
$10 Off Any Ride,Grab,ygEtX5y,,
$10 Off Any Ride,Grab,SErFXoo,,
$10 Off Any Ride,Grab,PHZL9bZ,,
$10 Off Any Ride,Grab,nws4FoJ,,
$10 Off Any Ride,Grab,V2EP3vF,,
$10 Off Any Ride,Grab,HT7QiB9,,
$10 Off Any Ride,Grab,2wukuCk,,
$10 Off Any Ride,Grab,vi9xEHp,,
$10 Off Any Ride,Grab,gqwdsJY,,
$10 Off Any Ride,Grab,CfppbKg,,
$10 Off Any Ride,Grab,XgdUs3a,,
$10 Off Any Ride,Grab,xuZr644,,
$10 Off Any Ride,Grab,Ckg6JEH,,
$10 Off Any Ride,Grab,kgsbNyP,,
$10 Off Any Ride,Grab,ui2DzrJ,,
$10 Off Any Ride,Grab,vxPPcoN,,
$10 Off Any Ride,Grab,6j9EqpJ,,
$10 Off Any Ride,Grab,iZRaD8g,,
$10 Off Any Ride,Grab,ayPtbEq,,
$10 Off Any Ride,Grab,BTt6adx,,
$10 Off Any Ride,Grab,CofgJKs,,
$10 Off Any Ride,Grab,LXWGHH9,,
$10 Off Any Ride,Grab,Dy4zPNc,,
$10 Off Any Ride,Grab,XXnY5WR,,
$10 Off Any Ride,Grab,RgcqjS9,,
$10 Off Any Ride,Grab,oE6pRAg,,
$10 Off Any Ride,Grab,7kDEtQU,,
$10 Off Any Ride,Grab,wUsRYDs,,
$10 Off Any Ride,Grab,Gg6VL38,,
$10 Off Any Ride,Grab,jQdD9Jg,,
$10 Off Any Ride,Grab,PHwxdy8,,
30% Off Rides,Gojek,RtaFkZgs,,
30% Off Rides,Gojek,jwsM7MBE,,
30% Off Rides,Gojek,z6vntSYo,,
30% Off Rides,Gojek,oDaYtXaY,,
30% Off Rides,Gojek,wJwpe2C9,,
30% Off Rides,Gojek,GVRioJjk,,
30% Off Rides,Gojek,WRFxVLfk,,
30% Off Rides,Gojek,C9kYa84F,,
30% Off Rides,Gojek,Cg7KDspa,,
30% Off Rides,Gojek,6Ka2wJoF,,
30% Off Rides,Gojek,QYhz9gxy,,
30% Off Rides,Gojek,JHyiqopo,,
30% Off Rides,Gojek,W5mhwaw6,,
30% Off Rides,Gojek,LvmZLzf9,,
30% Off Rides,Gojek,d9B3yLCN,,
30% Off Rides,Gojek,vECBA6jH,,
30% Off Rides,Gojek,7k3S2Z6C,,
30% Off Rides,Gojek,hmEY7tie,,
30% Off Rides,Gojek,t8HtKXnu,,
30% Off Rides,Gojek,F2Z3nC7t,,
30% Off Rides,Gojek,VCA5FavQ,,
30% Off Rides,Gojek,wZ2MBrMF,,
30% Off Rides,Gojek,r7uAdeyN,,
30% Off Rides,Gojek,r4Ks3eYV,,
30% Off Rides,Gojek,6sEFD6dn,,
30% Off Rides,Gojek,SjaC47A6,,
30% Off Rides,Gojek,PoQr99dR,,
30% Off Rides,Gojek,MAkW6LuT,,
30% Off Rides,Gojek,YkNeNFCM,,
30% Off Rides,Gojek,5KxgsMSo,,
30% Off Rides,Gojek,aibqngET,,
30% Off Rides,Gojek,dDHyMwDG,,
30% Off Rides,Gojek,MZSkNMrn,,
30% Off Rides,Gojek,bSUEWSQs,,
30% Off Rides,Gojek,nXLDn2rq,,
30% Off Rides,Gojek,fwtPunjZ,,
30% Off Rides,Gojek,kNhYUuLN,,
30% Off Rides,Gojek,LsT86PAb,,
30% Off Rides,Gojek,ZktWwZRY,,
30% Off Rides,Gojek,rtt2cChD,,
30% Off Rides,Gojek,uYYNRiMZ,,
30% Off Rides,Gojek,PxZo58hJ,,
30% Off Rides,Gojek,Zt4VuYUV,,
30% Off Rides,Gojek,rdQFGdiA,,
30% Off Rides,Gojek,s7kAxuDU,,
30% Off Rides,Gojek,t8FDGbDT,,
30% Off Rides,Gojek,65zgZLnK,,
30% Off Rides,Gojek,5zdCQT8A,,
30% Off Rides,Gojek,z9X5C94B,,
30% Off Rides,Gojek,uwPKNDf3,,
30% Off Rides,Gojek,DBRY56PJ,,
30% Off Rides,Gojek,2KbrXCVj,,
30% Off Rides,Gojek,qpMBeAxY,,
30% Off Rides,Gojek,4F2VVYPp,,
30% Off Rides,Gojek,t8taXFy3,,
30% Off Rides,Gojek,gxMmm7CX,,
30% Off Rides,Gojek,oX4u24fj,,
30% Off Rides,Gojek,iXNYuMQU,,
30% Off Rides,Gojek,L7pcoXQ9,,
30% Off Rides,Gojek,LdgzHrPK,,
30% Off Rides,Gojek,tPNr8VZt,,
30% Off Rides,Gojek,R6hbQqno,,
30% Off Rides,Gojek,4BfAC2XN,,
30% Off Rides,Gojek,3WUPn4LQ,,
30% Off Rides,Gojek,ydDbitFp,,
30% Off Rides,Gojek,typdnZSu,,
30% Off Rides,Gojek,8JptBPd4,,
30% Off Rides,Gojek,uKr8hLja,,
30% Off Rides,Gojek,uKrrq3Up,,
30% Off Rides,Gojek,ibGSqTj5,,
30% Off Rides,Gojek,XyUscqFM,,
30% Off Rides,Gojek,dchBKwuk,,
30% Off Rides,Gojek,NyMX9TVT,,
30% Off Rides,Gojek,GpN7sKnE,,
30% Off Rides,Gojek,wdm4c9YS,,
30% Off Rides,Gojek,g5bJJWLs,,
30% Off Rides,Gojek,6zYd7M65,,
30% Off Rides,Gojek,BHFaCkcE,,
30% Off Rides,Gojek,TbrqgXMY,,
30% Off Rides,Gojek,tgjmJrDr,,
30% Off Rides,Gojek,XABMJ7wn,,
30% Off Rides,Gojek,prgHeTiM,,
30% Off Rides,Gojek,dMZrzFkL,,
30% Off Rides,Gojek,Ew639mMN,,
30% Off Rides,Gojek,ZGyqKFPR,,
30% Off Rides,Gojek,bgnBQCjP,,
30% Off Rides,Gojek,vvLd9vfW,,
30% Off Rides,Gojek,pXXharHp,,
30% Off Rides,Gojek,NwvQPNgj,,
30% Off Rides,Gojek,pHT9VVFq,,
30% Off Rides,Gojek,CHU2zkse,,
30% Off Rides,Gojek,dAcibguH,,
30% Off Rides,Gojek,4fdaNukF,,
30% Off Rides,Gojek,Hg4HyiGn,,
30% Off Rides,Gojek,yugntibe,,
30% Off Rides,Gojek,PYms9b4G,,
30% Off Rides,Gojek,DQjsCNxC,,
30% Off Rides,Gojek,qdjwHhaG,,
30% Off Rides,Gojek,oGzfZ8vR,,
30% Off Rides,Gojek,VESEMtPW,,
30% Off Rides,Gojek,ppQsBrGv,,
30% Off Rides,Gojek,sEzzY4FU,,
30% Off Rides,Gojek,T55TChmG,,
30% Off Rides,Gojek,hfhtcoAX,,
30% Off Rides,Gojek,fznvwDBu,,
30% Off Rides,Gojek,8P3SjLn4,,
30% Off Rides,Gojek,5qzkPDjq,,
30% Off Rides,Gojek,JMNQzDtt,,
30% Off Rides,Gojek,hNMn6fqe,,
30% Off Rides,Gojek,3dCjpH5A,,
30% Off Rides,Gojek,cMuAAWwD,,
30% Off Rides,Gojek,xbxpVUyi,,
30% Off Rides,Gojek,EMxfoU9g,,
30% Off Rides,Gojek,gjwMypxv,,
30% Off Rides,Gojek,DyiLS86G,,
30% Off Rides,Gojek,fDuzYwrA,,
30% Off Rides,Gojek,nvyqeNQN,,
30% Off Rides,Gojek,S9ZAyGK5,,
30% Off Rides,Gojek,dJgBVZdR,,
30% Off Rides,Gojek,FbiQzqkc,,
30% Off Rides,Gojek,rtnS2gqH,,
30% Off Rides,Gojek,MjQsaB26,,
30% Off Rides,Gojek,a2k4LRJV,,
30% Off Rides,Gojek,yGmVd9zb,,
30% Off Rides,Gojek,gcZGjUpr,,
30% Off Rides,Gojek,kerWXGfE,,
30% Off Rides,Gojek,TgLUCzNg,,
30% Off Rides,Gojek,Ut39SgRX,,
30% Off Rides,Gojek,QMe323r4,,
30% Off Rides,Gojek,nABHi989,,
30% Off Rides,Gojek,DaCvNNv9,,
30% Off Rides,Gojek,MySDsvhF,,
30% Off Rides,Gojek,ZwJsnnzq,,
30% Off Rides,Gojek,XMyjuSP6,,
30% Off Rides,Gojek,KSW8HG46,,
30% Off Rides,Gojek,uYcySifT,,
30% Off Rides,Gojek,LBvAyvcD,,
30% Off Rides,Gojek,izibByiL,,
30% Off Rides,Gojek,s6tJwbr8,,
30% Off Rides,Gojek,J5n6wVhk,,
30% Off Rides,Gojek,yY5nfart,,
30% Off Rides,Gojek,py2Z6tqp,,
30% Off Rides,Gojek,AXimhA2d,,
30% Off Rides,Gojek,6Nq5cjKX,,
30% Off Rides,Gojek,WZzeezp2,,
30% Off Rides,Gojek,rQ96gbR6,,
30% Off Rides,Gojek,aEkFqP3i,,
30% Off Rides,Gojek,NXyhnhwN,,
30% Off Rides,Gojek,KLqhZmqB,,
30% Off Rides,Gojek,2AgT67E2,,
30% Off Rides,Gojek,po7JA7h2,,
30% Off Rides,Gojek,xrkfGDyD,,
30% Off Rides,Gojek,sfDtjuav,,
30% Off Rides,Gojek,XcY8shQw,,
30% Off Rides,Gojek,A6YiEczG,,
30% Off Rides,Gojek,HGC6itPV,,
30% Off Rides,Gojek,3SNcTgET,,
30% Off Rides,Gojek,bDnLxfjy,,
30% Off Rides,Gojek,tajTzBpB,,
30% Off Rides,Gojek,gBvzWnfW,,
30% Off Rides,Gojek,vgDzsVGo,,
30% Off Rides,Gojek,7vuNZJQ6,,
30% Off Rides,Gojek,LNyNHYKy,,
30% Off Rides,Gojek,kACxGx6n,,
30% Off Rides,Gojek,XfT6sNoq,,
30% Off Rides,Gojek,XGN9We4x,,
30% Off Rides,Gojek,vWqu7x4w,,
30% Off Rides,Gojek,eMNYXPo4,,
30% Off Rides,Gojek,vg9JBCM8,,
30% Off Rides,Gojek,7QvBG2ii,,
30% Off Rides,Gojek,V3WoVCmn,,
30% Off Rides,Gojek,zf4gbEG5,,
30% Off Rides,Gojek,Ewp7ZeTH,,
30% Off Rides,Gojek,adPyF4zs,,
30% Off Rides,Gojek,K3Zuq2fw,,
30% Off Rides,Gojek,jZDZsWNT,,
30% Off Rides,Gojek,MPVMR52h,,
30% Off Rides,Gojek,bWmPbdSW,,
30% Off Rides,Gojek,RanU2a8j,,
30% Off Rides,Gojek,yLmPoiku,,
30% Off Rides,Gojek,tfgBkdsB,,
30% Off Rides,Gojek,YatW6E4T,,
30% Off Rides,Gojek,apJAES4s,,
30% Off Rides,Gojek,Cb2y6tsH,,
30% Off Rides,Gojek,jGmxKqiE,,
30% Off Rides,Gojek,94ofgsRt,,
30% Off Rides,Gojek,7Q9LQRgi,,
30% Off Rides,Gojek,xbzJ2PLC,,
30% Off Rides,Gojek,SfweHxhk,,
30% Off Rides,Gojek,2TLUHH8t,,
30% Off Rides,Gojek,T7y6GoTi,,
30% Off Rides,Gojek,MNGJuXnp,,
30% Off Rides,Gojek,72etKozf,,
30% Off Rides,Gojek,vF66cMvz,,
30% Off Rides,Gojek,UoUWF9CU,,
30% Off Rides,Gojek,dd9Mga8m,,
30% Off Rides,Gojek,qR8ZANij,,
30% Off Rides,Gojek,gtiXn597,,
30% Off Rides,Gojek,GkasywqS,,
30% Off Rides,Gojek,cgjJNB69,,
JBL Flip 4 Speaker,Challenger,~#Gejm86En,,
JBL Flip 4 Speaker,Challenger,$U2LGMsyfC,,
JBL Flip 4 Speaker,Challenger,xhHPK!*Mcs,,
JBL Flip 4 Speaker,Challenger,g;Q`A?cb4P,,
JBL Flip 4 Speaker,Challenger,:Utw+mpZrL,,
JBL Flip 4 Speaker,Challenger,==BG5uyYb7,,
JBL Flip 4 Speaker,Challenger,2@'#yac.k-,,
JBL Flip 4 Speaker,Challenger,+ckA6gih6?,,
JBL Flip 4 Speaker,Challenger,"a7U-F@HN/,",,
JBL Flip 4 Speaker,Challenger,di`!Fai2nR,,
$5 Voucher,4FINGERS CRISPY CHICKEN,UBFSYH,,
$5 Voucher,4FINGERS CRISPY CHICKEN,HZK546,,
$5 Voucher,4FINGERS CRISPY CHICKEN,XRXQN7,,
$5 Voucher,4FINGERS CRISPY CHICKEN,LCVHMP,,
$5 Voucher,4FINGERS CRISPY CHICKEN,T7AW5N,,
$5 Voucher,4FINGERS CRISPY CHICKEN,TDQ2TM,,
$5 Voucher,4FINGERS CRISPY CHICKEN,EQBC78,,
$5 Voucher,4FINGERS CRISPY CHICKEN,P9VPXJ,,
$5 Voucher,4FINGERS CRISPY CHICKEN,47LD4H,,
$5 Voucher,4FINGERS CRISPY CHICKEN,V9SNLQ,,
$5 Voucher,4FINGERS CRISPY CHICKEN,WV6HT7,,
$5 Voucher,4FINGERS CRISPY CHICKEN,7QUDMN,,
$5 Voucher,4FINGERS CRISPY CHICKEN,3HHR7V,,
$5 Voucher,4FINGERS CRISPY CHICKEN,QNMFCQ,,
$5 Voucher,4FINGERS CRISPY CHICKEN,4APCFE,,
$5 Voucher,4FINGERS CRISPY CHICKEN,C8JG6R,,
$5 Voucher,4FINGERS CRISPY CHICKEN,CR2VKL,,
$5 Voucher,4FINGERS CRISPY CHICKEN,3HBF9E,,
$5 Voucher,4FINGERS CRISPY CHICKEN,6XG5PE,,
$5 Voucher,4FINGERS CRISPY CHICKEN,RPME48,,
$5 Voucher,4FINGERS CRISPY CHICKEN,AZMXEK,,
$5 Voucher,4FINGERS CRISPY CHICKEN,HCQSQE,,
$5 Voucher,4FINGERS CRISPY CHICKEN,2MQLYX,,
$5 Voucher,4FINGERS CRISPY CHICKEN,6MHJL2,,
$5 Voucher,4FINGERS CRISPY CHICKEN,4JYWRP,,
$5 Voucher,4FINGERS CRISPY CHICKEN,VUPBMZ,,
$5 Voucher,4FINGERS CRISPY CHICKEN,KWUBBM,,
$5 Voucher,4FINGERS CRISPY CHICKEN,A949PJ,,
$5 Voucher,4FINGERS CRISPY CHICKEN,YLWATD,,
$5 Voucher,4FINGERS CRISPY CHICKEN,3HVAQW,,
$5 Voucher,4FINGERS CRISPY CHICKEN,6Q9Z3F,,
$5 Voucher,4FINGERS CRISPY CHICKEN,4XQDAE,,
$5 Voucher,4FINGERS CRISPY CHICKEN,UPWY2J,,
$5 Voucher,4FINGERS CRISPY CHICKEN,RDGW6Z,,
$5 Voucher,4FINGERS CRISPY CHICKEN,UP36KK,,
$5 Voucher,4FINGERS CRISPY CHICKEN,2GE24P,,
$5 Voucher,4FINGERS CRISPY CHICKEN,6CNUXZ,,
$5 Voucher,4FINGERS CRISPY CHICKEN,UG994A,,
$5 Voucher,4FINGERS CRISPY CHICKEN,TG7T3C,,
$5 Voucher,4FINGERS CRISPY CHICKEN,9DSHRA,,
$5 Voucher,4FINGERS CRISPY CHICKEN,SH37FD,,
$5 Voucher,4FINGERS CRISPY CHICKEN,HGCKX9,,
$5 Voucher,4FINGERS CRISPY CHICKEN,WYGSGW,,
$5 Voucher,4FINGERS CRISPY CHICKEN,YB8JTM,,
$5 Voucher,4FINGERS CRISPY CHICKEN,GLLQ9K,,
$5 Voucher,4FINGERS CRISPY CHICKEN,S4V9B7,,
$5 Voucher,4FINGERS CRISPY CHICKEN,36SUDU,,
$5 Voucher,4FINGERS CRISPY CHICKEN,UZUKR3,,
$5 Voucher,4FINGERS CRISPY CHICKEN,UK5WK9,,
$5 Voucher,4FINGERS CRISPY CHICKEN,F8N2JC,,
$5 Off Credit Fee,StashAway,kzwcz3,,
$5 Off Credit Fee,StashAway,x4q6ed,,
$5 Off Credit Fee,StashAway,d7vv3h,,
$5 Off Credit Fee,StashAway,za58ww,,
$5 Off Credit Fee,StashAway,q56djz,,
$5 Off Credit Fee,StashAway,7dbeq8,,
$5 Off Credit Fee,StashAway,6zphmv,,
$5 Off Credit Fee,StashAway,sd7pam,,
$5 Off Credit Fee,StashAway,tooidj,,
$5 Off Credit Fee,StashAway,4p47mn,,
$5 Off Credit Fee,StashAway,xgbrpw,,
$5 Off Credit Fee,StashAway,tnkm6h,,
$5 Off Credit Fee,StashAway,qsuu9e,,
$5 Off Credit Fee,StashAway,wweuyn,,
$5 Off Credit Fee,StashAway,ey8737,,
$5 Off Credit Fee,StashAway,ybcaij,,
$5 Off Credit Fee,StashAway,doexfg,,
$5 Off Credit Fee,StashAway,w2cyki,,
$5 Off Credit Fee,StashAway,z82wdb,,
$5 Off Credit Fee,StashAway,x28sq6,,
$5 Off Credit Fee,StashAway,9nnb7j,,
$5 Off Credit Fee,StashAway,zjfi9t,,
$5 Off Credit Fee,StashAway,tfcof5,,
$5 Off Credit Fee,StashAway,jbzjv2,,
$5 Off Credit Fee,StashAway,x5p8xf,,
$5 Off Credit Fee,StashAway,m73qgv,,
$5 Off Credit Fee,StashAway,hjdew2,,
$5 Off Credit Fee,StashAway,2offsd,,
$5 Off Credit Fee,StashAway,gnc5t8,,
$5 Off Credit Fee,StashAway,b85puv,,
$5 Off Credit Fee,StashAway,6f63e6,,
$5 Off Credit Fee,StashAway,ya2r4t,,
$5 Off Credit Fee,StashAway,y6xmtq,,
$5 Off Credit Fee,StashAway,xsigsw,,
$5 Off Credit Fee,StashAway,qt3ce4,,
$5 Off Credit Fee,StashAway,rav585,,
$5 Off Credit Fee,StashAway,r36itn,,
$5 Off Credit Fee,StashAway,z9i9tf,,
$5 Off Credit Fee,StashAway,umion2,,
$5 Off Credit Fee,StashAway,js8rfk,,
$5 Off Credit Fee,StashAway,6dpbdz,,
$5 Off Credit Fee,StashAway,up72o9,,
$5 Off Credit Fee,StashAway,dda2nc,,
$5 Off Credit Fee,StashAway,bxdc2y,,
$5 Off Credit Fee,StashAway,xcw36b,,
$5 Off Credit Fee,StashAway,rso6ba,,
$5 Off Credit Fee,StashAway,nuijsj,,
$5 Off Credit Fee,StashAway,etrf29,,
$5 Off Credit Fee,StashAway,4u6act,,
$5 Off Credit Fee,StashAway,586qrd,,
"5,000 STAR$",CapitaStar,9FFQXFD?,,
"5,000 STAR$",CapitaStar,"J7;WGR,U",,
"5,000 STAR$",CapitaStar,BN5P5XU7,,
"5,000 STAR$",CapitaStar,7RKZY29;,,
"5,000 STAR$",CapitaStar,:U.YM;KC,,
"5,000 STAR$",CapitaStar,"5KX,ZRQ6",,
"5,000 STAR$",CapitaStar,48SWR?8Q,,
"5,000 STAR$",CapitaStar,2U6TAWGV,,
"5,000 STAR$",CapitaStar,WAD;NPZ2,,
"5,000 STAR$",CapitaStar,5DFFQQTC,,
"5,000 STAR$",CapitaStar,!WZC?TDL,,
"5,000 STAR$",CapitaStar,WXGTKLM8,,
"5,000 STAR$",CapitaStar,D3?8L!W3,,
"5,000 STAR$",CapitaStar,";4N,4D2T",,
"5,000 STAR$",CapitaStar,GBD!;XDR,,
"5,000 STAR$",CapitaStar,SQ2EWZU7,,
"5,000 STAR$",CapitaStar,6LT77XGR,,
"5,000 STAR$",CapitaStar,!SL:7SC!,,
"5,000 STAR$",CapitaStar,"MMT7GH,,",,
"5,000 STAR$",CapitaStar,U!UVASAC,,
"5,000 STAR$",CapitaStar,P5UD8!W5,,
"5,000 STAR$",CapitaStar,JPU.WSMP,,
"5,000 STAR$",CapitaStar,AHZNWQ:T,,
"5,000 STAR$",CapitaStar,"J3C494A,",,
"5,000 STAR$",CapitaStar,3K3:MRX9,,
"5,000 STAR$",CapitaStar,NREH:VX4,,
"5,000 STAR$",CapitaStar,A8RX53U7,,
"5,000 STAR$",CapitaStar,R7TPMNYU,,
"5,000 STAR$",CapitaStar,F!E3TH;Z,,
"5,000 STAR$",CapitaStar,"N3ZZ.:!,",,
"5,000 STAR$",CapitaStar,E7V97!5D,,
"5,000 STAR$",CapitaStar,"L69F?U,Z",,
"5,000 STAR$",CapitaStar,V8SWZ:T.,,
"5,000 STAR$",CapitaStar,6JYEQ6Q9,,
"5,000 STAR$",CapitaStar,9BVV?9J:,,
"5,000 STAR$",CapitaStar,FQ:AQMEE,,
"5,000 STAR$",CapitaStar,AKD?TTWN,,
"5,000 STAR$",CapitaStar,"NB9YU98,",,
"5,000 STAR$",CapitaStar,2HY2X2LB,,
"5,000 STAR$",CapitaStar,T:MBP43Y,,
"5,000 STAR$",CapitaStar,RFDMQVL3,,
"5,000 STAR$",CapitaStar,TVVNEZX?,,
"5,000 STAR$",CapitaStar,KBDX85M6,,
"5,000 STAR$",CapitaStar,QBNVGP67,,
"5,000 STAR$",CapitaStar,"J,NP2;R6",,
"5,000 STAR$",CapitaStar,X?J3G8H9,,
"5,000 STAR$",CapitaStar,M2F9XXZQ,,
"5,000 STAR$",CapitaStar,PWSE??MQ,,
"5,000 STAR$",CapitaStar,"Z7TMM,F!",,
"5,000 STAR$",CapitaStar,G?Q;T3FR,,
"5,000 STAR$",CapitaStar,J.WDZR?M,,
"5,000 STAR$",CapitaStar,H;PAXW5P,,
"5,000 STAR$",CapitaStar,6J!ZUFSC,,
"5,000 STAR$",CapitaStar,:K75X!JL,,
"5,000 STAR$",CapitaStar,ZNYNW;6F,,
"5,000 STAR$",CapitaStar,"PQ7H9M,5",,
"5,000 STAR$",CapitaStar,WWZ4E;MK,,
"5,000 STAR$",CapitaStar,?;V4W.UC,,
"5,000 STAR$",CapitaStar,SQ2;AEHU,,
"5,000 STAR$",CapitaStar,"3V,4272P",,
"5,000 STAR$",CapitaStar,8NXHA7!4,,
"5,000 STAR$",CapitaStar,ZWQ!8PMD,,
"5,000 STAR$",CapitaStar,"9GT;!8,N",,
"5,000 STAR$",CapitaStar,ELMLTLUK,,
"5,000 STAR$",CapitaStar,G8S9FMD8,,
"5,000 STAR$",CapitaStar,KLAVYSS2,,
"5,000 STAR$",CapitaStar,"P6;UQU,.",,
"5,000 STAR$",CapitaStar,YS5YRLSE,,
"5,000 STAR$",CapitaStar,"A,3E.!:Q",,
"5,000 STAR$",CapitaStar,:Q2KDKEK,,
"5,000 STAR$",CapitaStar,4MRHUU5Z,,
"5,000 STAR$",CapitaStar,..N29J!E,,
"5,000 STAR$",CapitaStar,"4?N,Q!68",,
"5,000 STAR$",CapitaStar,A3?GC5;Q,,
"5,000 STAR$",CapitaStar,5;SS9S!;,,
"5,000 STAR$",CapitaStar,G9K4C;V6,,
"5,000 STAR$",CapitaStar,9T7Q:HCR,,
"5,000 STAR$",CapitaStar,"NY223,VR",,
"5,000 STAR$",CapitaStar,?CETPJ67,,
"5,000 STAR$",CapitaStar,J8HYZ57Y,,
"5,000 STAR$",CapitaStar,E3YW;8EY,,
"5,000 STAR$",CapitaStar,3;6W7VRQ,,
"5,000 STAR$",CapitaStar,LRTXDHZB,,
"5,000 STAR$",CapitaStar,:VF3WH3Y,,
"5,000 STAR$",CapitaStar,6KS.G.RP,,
"5,000 STAR$",CapitaStar,WY2D?TX6,,
"5,000 STAR$",CapitaStar,"Z:,7H.R4",,
"5,000 STAR$",CapitaStar,XZQF?9HF,,
"5,000 STAR$",CapitaStar,RQFVKEHB,,
"5,000 STAR$",CapitaStar,G4FAAVB3,,
"5,000 STAR$",CapitaStar,KX?R8HY3,,
"5,000 STAR$",CapitaStar,!5XGVYDC,,
"5,000 STAR$",CapitaStar,4Q5YBFDV,,
"5,000 STAR$",CapitaStar,B:M9FK58,,
"5,000 STAR$",CapitaStar,FE9!NRDH,,
"5,000 STAR$",CapitaStar,8KWKWX?P,,
"5,000 STAR$",CapitaStar,7P:CKJUD,,
"5,000 STAR$",CapitaStar,"B,4U8.R!",,
"5,000 STAR$",CapitaStar,"3Q6,RR7B",,
"5,000 STAR$",CapitaStar,6;3?C7;K,,
Wonderboom 2 Wireless Speaker,Ultimate Ears,kZLRKUGXxzWz,,
Wonderboom 2 Wireless Speaker,Ultimate Ears,SMnxfDy5ci7U,,
Wonderboom 2 Wireless Speaker,Ultimate Ears,Zg2eFHqUBVYS,,
Wonderboom 2 Wireless Speaker,Ultimate Ears,uu387uzoMih5,,
Wonderboom 2 Wireless Speaker,Ultimate Ears,XUCkRTjdWDHd,,
Wonderboom 2 Wireless Speaker,Ultimate Ears,zUgE3vnR645D,,
Wonderboom 2 Wireless Speaker,Ultimate Ears,vNn5pMf7BeAG,,
Wonderboom 2 Wireless Speaker,Ultimate Ears,Mu7yxLYZdajC,,
Wonderboom 2 Wireless Speaker,Ultimate Ears,NKYPJjtJiUBp,,
Wonderboom 2 Wireless Speaker,Ultimate Ears,HSBER7obBbkj,,
Wonderboom 2 Wireless Speaker,Ultimate Ears,ikVc5GtfAnEo,,
Wonderboom 2 Wireless Speaker,Ultimate Ears,fdbYEPzxju6x,,
Wonderboom 2 Wireless Speaker,Ultimate Ears,GtJZxGbqimEm,,
Wonderboom 2 Wireless Speaker,Ultimate Ears,CWdNWvGPbU8k,,
Wonderboom 2 Wireless Speaker,Ultimate Ears,R6U6VX2GGegz,,
Wonderboom 2 Wireless Speaker,Ultimate Ears,262pn2TmK7x8,,
Wonderboom 2 Wireless Speaker,Ultimate Ears,yU8J6TBf35Yb,,
Wonderboom 2 Wireless Speaker,Ultimate Ears,3yMpoZcPiyaH,,
Wonderboom 2 Wireless Speaker,Ultimate Ears,UkQB6c9iFiDG,,
Wonderboom 2 Wireless Speaker,Ultimate Ears,zngA2T44Z22h,,
Samsung Galaxy S10e 128GB,Samsung,RVZXaeWSPPyvYBbY,,
Samsung Galaxy S10e 128GB,Samsung,sGZbdQCud7DA3xuD,,
Samsung Galaxy S10e 128GB,Samsung,uZYLq3cpYxWv3SM9,,
Samsung Galaxy S10e 128GB,Samsung,97cRkAaNyoAVFbGy,,
Samsung Galaxy S10e 128GB,Samsung,mG8jU8ax8ZtiwNce,,
Samsung Galaxy S10e 128GB,Samsung,sAd8EemYjBaxzF3S,,
Samsung Galaxy S10e 128GB,Samsung,5mYjMrJXCrb4qDhA,,
Samsung Galaxy S10e 128GB,Samsung,EMovdZEPwto5VgwK,,
Samsung Galaxy S10e 128GB,Samsung,znsGD94XRfpVNPNe,,
Samsung Galaxy S10e 128GB,Samsung,sHpyodfcaHj8WqTA,,
Samsung Galaxy S10e 128GB,Samsung,xbyxftTwzePDFjR7,,
Samsung Galaxy S10e 128GB,Samsung,CCNgNrsSJ5zzMPxK,,
Samsung Galaxy S10e 128GB,Samsung,EcSWo4PKxtdFVALt,,
Samsung Galaxy S10e 128GB,Samsung,FUvoMVxvmuVTz4Nx,,
Samsung Galaxy S10e 128GB,Samsung,bDiBo5BqfgTxXg2K,,
Samsung Galaxy S10e 128GB,Samsung,Uxk2qxh8hfhJGm2P,,
Samsung Galaxy S10e 128GB,Samsung,2ME2VZcf2CtuR2jZ,,
Samsung Galaxy S10e 128GB,Samsung,oNQXgGRN9BcLdrqp,,
Samsung Galaxy S10e 128GB,Samsung,tkFu4KaBgocaHoe5,,
Samsung Galaxy S10e 128GB,Samsung,qDbHwFCoomYFU5FD,,
Samsung Galaxy S10e 128GB,Samsung,SvRiX7Z3WDRXjQpJ,,
Samsung Galaxy S10e 128GB,Samsung,o6EnQj8byCAAUWpV,,
Samsung Galaxy S10e 128GB,Samsung,wa5Sn8QGKWMwA2MT,,
Samsung Galaxy S10e 128GB,Samsung,Uh8U2hwsLozr7UAH,,
Samsung Galaxy S10e 128GB,Samsung,KALiGxZGyWmmCHea,,
Samsung Galaxy S10e 128GB,Samsung,2kVuAmrM9F2f9tPd,,
Samsung Galaxy S10e 128GB,Samsung,geZqyoFMzmzegMqn,,
Samsung Galaxy S10e 128GB,Samsung,YwcJ5ZgDufMUv2wU,,
Samsung Galaxy S10e 128GB,Samsung,x4Up5bozCdTMigBW,,
Samsung Galaxy S10e 128GB,Samsung,QChqvtNBBV7L2aYi,,
Samsung Galaxy S10e 128GB,Samsung,UCzuLGHq93Rc4AoF,,
Samsung Galaxy S10e 128GB,Samsung,PUFSroRKnn5PNxwk,,
Samsung Galaxy S10e 128GB,Samsung,chKcY3msuvRmwhEm,,
Samsung Galaxy S10e 128GB,Samsung,42BGL8oRX6HZfnPE,,
Samsung Galaxy S10e 128GB,Samsung,B7TrEpZVmU87R8DH,,
Samsung Galaxy S10e 128GB,Samsung,z8yeiQogcL2HY6FB,,
Samsung Galaxy S10e 128GB,Samsung,YPFNcEN2Xwi4gMjh,,
Samsung Galaxy S10e 128GB,Samsung,qeNWEoSzaNo6zvSf,,
Samsung Galaxy S10e 128GB,Samsung,Uf4x7jxfGWVNZ374,,
Samsung Galaxy S10e 128GB,Samsung,2pvf5gPidVco4xfm,,
Samsung Galaxy S10e 128GB,Samsung,m3VXRPFTNQ9pWuUQ,,
Samsung Galaxy S10e 128GB,Samsung,ZBjTXdjRHtUTyLGi,,
Samsung Galaxy S10e 128GB,Samsung,PUjxDHf9CadmrZcT,,
Samsung Galaxy S10e 128GB,Samsung,k4zx2QdvE3ZLH3TS,,
Samsung Galaxy S10e 128GB,Samsung,SaDgXbrQt355EWiD,,
Samsung Galaxy S10e 128GB,Samsung,gzhFCUG8xpvXx4Li,,
Samsung Galaxy S10e 128GB,Samsung,MXiQKpdp3cuXwYRc,,
Samsung Galaxy S10e 128GB,Samsung,KRPBFsJCgGTWys37,,
Samsung Galaxy S10e 128GB,Samsung,5b6RfuV3u3umvSp9,,
Samsung Galaxy S10e 128GB,Samsung,UvPcFRhfecpUYNY3,,
Samsung Galaxy Buds,Samsung,Jg64DshDivmaUDkP,,
Samsung Galaxy Buds,Samsung,XXf5r8ncxLs4B7oT,,
Samsung Galaxy Buds,Samsung,4CaLfxmCYj3gujDY,,
Samsung Galaxy Buds,Samsung,U4MTYxDSRJwyrQBM,,
Samsung Galaxy Buds,Samsung,ivRZME9vaUXHVySF,,
Samsung Galaxy Buds,Samsung,xuKuToPdKWCib5aE,,
Samsung Galaxy Buds,Samsung,5G6XKAaSdQFfA399,,
Samsung Galaxy Buds,Samsung,5RzZNPJFWWY6LkRt,,
Samsung Galaxy Buds,Samsung,9fPHpiB64VXZGgiD,,
Samsung Galaxy Buds,Samsung,uRhUf77wi8f5wv65,,
Samsung Galaxy Buds,Samsung,6Fop3wmAWdNVztDw,,
Samsung Galaxy Buds,Samsung,XB7ZaDWfYCx3oUMB,,
Samsung Galaxy Buds,Samsung,HkhL6jbVipFe5HtX,,
Samsung Galaxy Buds,Samsung,bXsMJZA6d6DR4J72,,
Samsung Galaxy Buds,Samsung,d4HS288omEyhohrS,,
Samsung Galaxy Buds,Samsung,MTnGYw799KKsP6ah,,
Samsung Galaxy Buds,Samsung,syUJtwsY22Ceujch,,
Samsung Galaxy Buds,Samsung,VbqqX8kqiBUqxpQA,,
Samsung Galaxy Buds,Samsung,mVzKcuJtEVyGUChA,,
Samsung Galaxy Buds,Samsung,HfLAYiNTigVSbrft,,
Samsung Galaxy Buds,Samsung,QSSQpiqUpgd7dRu2,,
Samsung Galaxy Buds,Samsung,osBFdtNsgsRQNWEg,,
Samsung Galaxy Buds,Samsung,pnYKRtx6bgdCGtGr,,
Samsung Galaxy Buds,Samsung,7HDxkybh6BaSKwzU,,
Samsung Galaxy Buds,Samsung,Xue4fNmg9whGhC5i,,
Samsung Galaxy Buds,Samsung,NaByzdp6U9e3eyzt,,
Samsung Galaxy Buds,Samsung,ML9LYzWWnbLzKQCa,,
Samsung Galaxy Buds,Samsung,UEsgeqVSPszNUesF,,
Samsung Galaxy Buds,Samsung,KzqT8tWcBcKWVaSM,,
Samsung Galaxy Buds,Samsung,JvPjiqdY8iWgXqan,,
Samsung Galaxy Buds,Samsung,C9qzeGSRGn9jPMdw,,
Samsung Galaxy Buds,Samsung,cG5bjgZs2wTTQoUj,,
Samsung Galaxy Buds,Samsung,LJgjXzeXxEGAHxQ7,,
Samsung Galaxy Buds,Samsung,AQWLSNwomp8UPmDL,,
Samsung Galaxy Buds,Samsung,SpJwgTZXESfkevZU,,
Samsung Galaxy Buds,Samsung,ikJG8VVrQFTjpeoN,,
Samsung Galaxy Buds,Samsung,HmLTLTJdwbM6tkgK,,
Samsung Galaxy Buds,Samsung,8N8iqofPfs7o3LEy,,
Samsung Galaxy Buds,Samsung,NoisLg8bSQkkUQMu,,
Samsung Galaxy Buds,Samsung,uqHTz6szPpXntzwL,,
Samsung Galaxy Buds,Samsung,J9CCLQbV4C6a6X6A,,
Samsung Galaxy Buds,Samsung,PYJ9saKNFYiRyqJ2,,
Samsung Galaxy Buds,Samsung,auSWhLzJZzF2hR2z,,
Samsung Galaxy Buds,Samsung,Qm9tPoQzyGMHjFnU,,
Samsung Galaxy Buds,Samsung,XjnNRWirdteonUUz,,
Samsung Galaxy Buds,Samsung,dYabNEfGeDxdhcXG,,
Samsung Galaxy Buds,Samsung,jhsrHFMLvhZRDJs3,,
Samsung Galaxy Buds,Samsung,nysUaMV3WQPnLdGU,,
Samsung Galaxy Buds,Samsung,4QbMoh6LwCZDdj37,,
Samsung Galaxy Buds,Samsung,cioDyLXaBBNTry6q,,
Samsung Galaxy Buds,Samsung,F5mbin42MHbKwvtw,,
Samsung Galaxy Buds,Samsung,fCZbk8DaYiAXFaUW,,
Samsung Galaxy Buds,Samsung,Zhe6B8MUHV6GZt8J,,
Samsung Galaxy Buds,Samsung,6mbYhRrjLYA7w5QD,,
Samsung Galaxy Buds,Samsung,kMs9WWa7X98S9mGw,,
Samsung Galaxy Buds,Samsung,7eFoBD3jNenDptVL,,
Samsung Galaxy Buds,Samsung,bMqCTyWFDMyDecdw,,
Samsung Galaxy Buds,Samsung,ENQBDXaYtwn4Cuji,,
Samsung Galaxy Buds,Samsung,RWSXBZcgEoW9chb9,,
Samsung Galaxy Buds,Samsung,cjmVwHwGF9LYqJWT,,
Samsung Galaxy Buds,Samsung,gfA7ASroZuNzm6yy,,
Samsung Galaxy Buds,Samsung,WTNc5bkZgSGZjBF8,,
Samsung Galaxy Buds,Samsung,QcPZGvAGst2jZMzA,,
Samsung Galaxy Buds,Samsung,DdNSFRef6rCNacRp,,
Samsung Galaxy Buds,Samsung,mnQcDcE99fPt4f5Z,,
Samsung Galaxy Buds,Samsung,6Tk6RsWv7bj5sthJ,,
Samsung Galaxy Buds,Samsung,Hr7Zy5yMEuHD4xkv,,
Samsung Galaxy Buds,Samsung,uxZQRpSedtNd4xze,,
Samsung Galaxy Buds,Samsung,fsdscuywTnYvyo5J,,
Samsung Galaxy Buds,Samsung,vo9zmpu3g49232ag,,
Samsung Galaxy Buds,Samsung,UVGP382qGxjVixZ9,,
Samsung Galaxy Buds,Samsung,6tsE7SrmWUg34Tov,,
Samsung Galaxy Buds,Samsung,T2CAJBwDPDF62UGT,,
Samsung Galaxy Buds,Samsung,wYc62DprcQRpr9sm,,
Samsung Galaxy Buds,Samsung,yzV54Y2phNjcJdUE,,
Samsung Galaxy Buds,Samsung,Syf84XcFy69xUMzz,,
Samsung Galaxy Buds,Samsung,aqZxENTRpTXqK4p6,,
Samsung Galaxy Buds,Samsung,PUyhWtrGuKBeswef,,
Samsung Galaxy Buds,Samsung,G7rLPgb4CDiAM7ew,,
Samsung Galaxy Buds,Samsung,ZWoFdJ2FeM8gYiFn,,
12% Storewide Discount,Althea,htD7CKc,,
12% Storewide Discount,Althea,35XidM5,,
12% Storewide Discount,Althea,DUppYkx,,
12% Storewide Discount,Althea,4wFnFmC,,
12% Storewide Discount,Althea,Yszoqga,,
12% Storewide Discount,Althea,eqn9QCH,,
12% Storewide Discount,Althea,uiGmRPQ,,
12% Storewide Discount,Althea,ADv3zu5,,
12% Storewide Discount,Althea,hA4v3m8,,
12% Storewide Discount,Althea,sRftYtc,,
12% Storewide Discount,Althea,RAQj46j,,
12% Storewide Discount,Althea,8bmUkPi,,
12% Storewide Discount,Althea,9AF5jEW,,
12% Storewide Discount,Althea,cE9VyEN,,
12% Storewide Discount,Althea,YVFNRNP,,
12% Storewide Discount,Althea,4iMp3R4,,
12% Storewide Discount,Althea,eQ5iSD2,,
12% Storewide Discount,Althea,FbzRaxc,,
12% Storewide Discount,Althea,nrGzh7u,,
12% Storewide Discount,Althea,s3WTUgE,,
12% Storewide Discount,Althea,dY5eAFJ,,
12% Storewide Discount,Althea,PBwFGJq,,
12% Storewide Discount,Althea,ZZZh6D5,,
12% Storewide Discount,Althea,5abUWNM,,
12% Storewide Discount,Althea,ciBfnbU,,
12% Storewide Discount,Althea,krn79aC,,
12% Storewide Discount,Althea,WxLmukQ,,
12% Storewide Discount,Althea,wnQcfuC,,
12% Storewide Discount,Althea,QkdqAxk,,
12% Storewide Discount,Althea,HLWreab,,
12% Storewide Discount,Althea,5vfyHQ7,,
12% Storewide Discount,Althea,73BNcLW,,
12% Storewide Discount,Althea,9cdR5G5,,
12% Storewide Discount,Althea,kz5LiNe,,
12% Storewide Discount,Althea,jqiXyob,,
12% Storewide Discount,Althea,6R7pBeL,,
12% Storewide Discount,Althea,HHrJxY3,,
12% Storewide Discount,Althea,qZsASUe,,
12% Storewide Discount,Althea,XZnqX89,,
12% Storewide Discount,Althea,yyUAD5a,,
12% Storewide Discount,Althea,3Wy67zn,,
12% Storewide Discount,Althea,bG4pRCf,,
12% Storewide Discount,Althea,bYU6sEP,,
12% Storewide Discount,Althea,zhQHsqA,,
12% Storewide Discount,Althea,SNbsXWf,,
12% Storewide Discount,Althea,DkR6tWW,,
12% Storewide Discount,Althea,gFU6zWR,,
12% Storewide Discount,Althea,G9bjSa6,,
12% Storewide Discount,Althea,ZdTniTK,,
12% Storewide Discount,Althea,Zx7Qfra,,
12% Storewide Discount,Althea,qkgGwkD,,
12% Storewide Discount,Althea,U36VxaH,,
12% Storewide Discount,Althea,7VxgpSw,,
12% Storewide Discount,Althea,3jwAqNG,,
12% Storewide Discount,Althea,ZQEH2g5,,
12% Storewide Discount,Althea,wDAQUCZ,,
12% Storewide Discount,Althea,rGCBuyv,,
12% Storewide Discount,Althea,PKfYPCo,,
12% Storewide Discount,Althea,XWJLVMu,,
12% Storewide Discount,Althea,cWWGcqZ,,
12% Storewide Discount,Althea,QBSdibg,,
12% Storewide Discount,Althea,ZWyVTJF,,
12% Storewide Discount,Althea,TowSEdC,,
12% Storewide Discount,Althea,jA5FvCS,,
12% Storewide Discount,Althea,CvqrzKg,,
12% Storewide Discount,Althea,jcvmZoc,,
12% Storewide Discount,Althea,qPqRdFX,,
12% Storewide Discount,Althea,ysPaxbv,,
12% Storewide Discount,Althea,M3j2ahM,,
12% Storewide Discount,Althea,9ERiBaN,,
12% Storewide Discount,Althea,bGohukJ,,
12% Storewide Discount,Althea,nHbrjZz,,
12% Storewide Discount,Althea,sG4SUhc,,
12% Storewide Discount,Althea,RyHV2B2,,
12% Storewide Discount,Althea,u37srV6,,
12% Storewide Discount,Althea,ZoGdfZ5,,
12% Storewide Discount,Althea,rYyenXL,,
12% Storewide Discount,Althea,YHgn4iD,,
12% Storewide Discount,Althea,zkzZtyF,,
12% Storewide Discount,Althea,FgEMfHM,,
12% Storewide Discount,Althea,eWiZQ52,,
12% Storewide Discount,Althea,AJrn5nf,,
12% Storewide Discount,Althea,HnDUEey,,
12% Storewide Discount,Althea,Y95g79N,,
12% Storewide Discount,Althea,2ajBGfa,,
12% Storewide Discount,Althea,vi3Jzjm,,
12% Storewide Discount,Althea,zXtAARf,,
12% Storewide Discount,Althea,EV2pawL,,
12% Storewide Discount,Althea,WP35GRo,,
12% Storewide Discount,Althea,ihnAq62,,
12% Storewide Discount,Althea,w7BAzJw,,
12% Storewide Discount,Althea,FfTxzxN,,
12% Storewide Discount,Althea,X2PsWgv,,
12% Storewide Discount,Althea,CdWQZvs,,
12% Storewide Discount,Althea,uM4HNq9,,
12% Storewide Discount,Althea,2NCvDjb,,
12% Storewide Discount,Althea,PxmYmG8,,
12% Storewide Discount,Althea,fT2xDnF,,
12% Storewide Discount,Althea,M6RG6CS,,
12% Storewide Discount,Althea,paSyQKn,,
